Id,Label,timeset,group,calls,time,memory_in,memory_out
antlr4.atn.ParserATNSimulator.ParserATNSimulator.closureCheckingStopState,antlr4.atn.ParserATNSimulator.ParserATNSimulator.closureCheckingStopState,,antlr4,2328,22.112403,0,0
antlr4.atn.ParserATNSimulator.ParserATNSimulator.closure_,antlr4.atn.ParserATNSimulator.ParserATNSimulator.closure_,,antlr4,2327,21.981712,0,0
_find_and_load,_find_and_load,,_find_and_load,55,2.754557,0,0
_find_and_load_unlocked,_find_and_load_unlocked,,_find_and_load_unlocked,55,2.731968,0,0
_load_unlocked,_load_unlocked,,_load_unlocked,55,2.624923,0,0
SourceFileLoader.exec_module,SourceFileLoader.exec_module,,SourceFileLoader,54,2.577751,0,0
_call_with_frames_removed,_call_with_frames_removed,,_call_with_frames_removed,62,2.545544,0,0
sympy.parsing.latex.parse_latex,sympy.parsing.latex.parse_latex,,sympy,1,2.194273,0,0
sympy.external.importtools.import_module,sympy.external.importtools.import_module,,sympy,5,1.86898,0,0
sympy.parsing.latex._parse_latex_antlr.parse_latex,sympy.parsing.latex._parse_latex_antlr.parse_latex,,sympy,1,1.230669,0,0
sympy.parsing.latex._antlr.latexparser.LaTeXParser.math,sympy.parsing.latex._antlr.latexparser.LaTeXParser.math,,sympy,1,1.222812,0,0
sympy.parsing.latex._antlr.latexparser.LaTeXParser.relation,sympy.parsing.latex._antlr.latexparser.LaTeXParser.relation,,sympy,1,1.13399,0,0
sympy.parsing.latex._antlr.latexparser.LaTeXParser.expr,sympy.parsing.latex._antlr.latexparser.LaTeXParser.expr,,sympy,1,1.125379,0,0
sympy.parsing.latex._antlr.latexparser.LaTeXParser.additive,sympy.parsing.latex._antlr.latexparser.LaTeXParser.additive,,sympy,1,1.124836,0,0
antlr4.atn.ParserATNSimulator.ParserATNSimulator.adaptivePredict,antlr4.atn.ParserATNSimulator.ParserATNSimulator.adaptivePredict,,antlr4,8,1.066033,0,0
sympy.parsing.latex._antlr.latexparser.LaTeXParser.mp,sympy.parsing.latex._antlr.latexparser.LaTeXParser.mp,,sympy,1,1.02787,0,0
sympy.parsing.latex._antlr.latexparser.LaTeXParser.unary,sympy.parsing.latex._antlr.latexparser.LaTeXParser.unary,,sympy,1,0.930591,0,0
sympy.parsing.latex._parse_latex_antlr.<module>,sympy.parsing.latex._parse_latex_antlr.<module>,,sympy,1,0.905805,0,0
antlr4.atn.ParserATNSimulator.ParserATNSimulator.closure,antlr4.atn.ParserATNSimulator.ParserATNSimulator.closure,,antlr4,21,0.88393,0,0
antlr4.atn.ParserATNSimulator.ParserATNSimulator.computeStartState,antlr4.atn.ParserATNSimulator.ParserATNSimulator.computeStartState,,antlr4,8,0.816167,0,0
sympy.parsing.latex._antlr.latexparser.LaTeXParser.postfix,sympy.parsing.latex._antlr.latexparser.LaTeXParser.postfix,,sympy,1,0.786339,0,0
sympy.parsing.latex._antlr.latexparser.LaTeXParser.exp,sympy.parsing.latex._antlr.latexparser.LaTeXParser.exp,,sympy,1,0.694574,0,0
antlr4.atn.ATNDeserializer.ATNDeserializer.deserialize,antlr4.atn.ATNDeserializer.ATNDeserializer.deserialize,,antlr4,2,0.674221,0,0
sympy.parsing.latex._antlr.latexparser.LaTeXParser.comp,sympy.parsing.latex._antlr.latexparser.LaTeXParser.comp,,sympy,1,0.600092,0,0
antlr4.PredictionContext.merge,antlr4.PredictionContext.merge,,antlr4,775,0.546546,0,0
sympy.parsing.latex._antlr.latexparser.<module>,sympy.parsing.latex._antlr.latexparser.<module>,,sympy,1,0.520497,0,0
sympy.parsing.latex._antlr.latexparser.LaTeXParser.atom,sympy.parsing.latex._antlr.latexparser.LaTeXParser.atom,,sympy,1,0.478818,0,0
antlr4.LL1Analyzer.LL1Analyzer._LOOK,antlr4.LL1Analyzer.LL1Analyzer._LOOK,,antlr4,211,0.43606,0,0
sympy.parsing.latex._antlr.latexlexer.<module>,sympy.parsing.latex._antlr.latexlexer.<module>,,sympy,1,0.361801,0,0
sympy.parsing.latex._antlr.latexlexer.LaTeXLexer,sympy.parsing.latex._antlr.latexlexer.LaTeXLexer,,sympy,1,0.361593,0,0
sympy.parsing.latex._antlr.latexparser.LaTeXParser,sympy.parsing.latex._antlr.latexparser.LaTeXParser,,sympy,1,0.319587,0,0
antlr4.PredictionContext.mergeSingletons,antlr4.PredictionContext.mergeSingletons,,antlr4,515,0.316136,0,0
antlr4.atn.ATNConfigSet.ATNConfigSet.add,antlr4.atn.ATNConfigSet.ATNConfigSet.add,,antlr4,796,0.311846,0,0
antlr4.atn.ATNDeserializer.ATNDeserializer.readEdges,antlr4.atn.ATNDeserializer.ATNDeserializer.readEdges,,antlr4,2,0.2841,0,0
antlr4.atn.ParserATNSimulator.ParserATNSimulator.getEpsilonTarget,antlr4.atn.ParserATNSimulator.ParserATNSimulator.getEpsilonTarget,,antlr4,3148,0.216293,0,0
antlr4.<module>,antlr4.<module>,,antlr4,1,0.195561,0,0
antlr4.atn.ATNDeserializer.ATNDeserializer.reset,antlr4.atn.ATNDeserializer.ATNDeserializer.reset,,antlr4,2,0.168089,0,0
antlr4.atn.ATNDeserializer.<listcomp>,antlr4.atn.ATNDeserializer.<listcomp>,,antlr4,2,0.167989,0,0
antlr4.PredictionContext.mergeArrays,antlr4.PredictionContext.mergeArrays,,antlr4,218,0.160542,0,0
antlr4.atn.ATNDeserializer.ATNDeserializer.readStates,antlr4.atn.ATNDeserializer.ATNDeserializer.readStates,,antlr4,2,0.155659,0,0
antlr4.atn.ParserATNSimulator.<lambda>,antlr4.atn.ParserATNSimulator.<lambda>,,antlr4,3148,0.144029,0,0
antlr4.atn.ParserATNSimulator.ParserATNSimulator.addDFAState,antlr4.atn.ParserATNSimulator.ParserATNSimulator.addDFAState,,antlr4,17,0.129167,0,0
antlr4.atn.ParserATNSimulator.ParserATNSimulator.execATN,antlr4.atn.ParserATNSimulator.ParserATNSimulator.execATN,,antlr4,8,0.121614,0,0
antlr4.atn.ParserATNSimulator.ParserATNSimulator.computeTargetState,antlr4.atn.ParserATNSimulator.ParserATNSimulator.computeTargetState,,antlr4,9,0.119779,0,0
antlr4.atn.ATNDeserializer.<lambda>,antlr4.atn.ATNDeserializer.<lambda>,,antlr4,1840,0.116698,0,0
antlr4.atn.ParserATNSimulator.ParserATNSimulator.computeReachSet,antlr4.atn.ParserATNSimulator.ParserATNSimulator.computeReachSet,,antlr4,9,0.095842,0,0
antlr4.atn.ATNDeserializer.ATNDeserializer.edgeFactory,antlr4.atn.ATNDeserializer.ATNDeserializer.edgeFactory,,antlr4,937,0.093962,0,0
antlr4.CommonTokenStream.CommonTokenStream.LT,antlr4.CommonTokenStream.CommonTokenStream.LT,,antlr4,48,0.090169,0,0
antlr4.atn.LexerATNSimulator.LexerATNSimulator.closure,antlr4.atn.LexerATNSimulator.LexerATNSimulator.closure,,antlr4,215,0.088897,0,0
antlr4.Parser.LaTeXParser.enterRule,antlr4.Parser.LaTeXParser.enterRule,,antlr4,6,0.088877,0,0
antlr4.BufferedTokenStream.CommonTokenStream.sync,antlr4.BufferedTokenStream.CommonTokenStream.sync,,antlr4,14,0.088309,0,0
antlr4.BufferedTokenStream.CommonTokenStream.lazyInit,antlr4.BufferedTokenStream.CommonTokenStream.lazyInit,,antlr4,56,0.088265,0,0
antlr4.BufferedTokenStream.CommonTokenStream.fetch,antlr4.BufferedTokenStream.CommonTokenStream.fetch,,antlr4,2,0.088141,0,0
antlr4.Lexer.LaTeXLexer.nextToken,antlr4.Lexer.LaTeXLexer.nextToken,,antlr4,2,0.088045,0,0
antlr4.BufferedTokenStream.CommonTokenStream.setup,antlr4.BufferedTokenStream.CommonTokenStream.setup,,antlr4,1,0.088007,0,0
antlr4.atn.LexerATNSimulator.LexerATNSimulator.match,antlr4.atn.LexerATNSimulator.LexerATNSimulator.match,,antlr4,1,0.086989,0,0
antlr4.atn.LexerATNSimulator.LexerATNSimulator.matchATN,antlr4.atn.LexerATNSimulator.LexerATNSimulator.matchATN,,antlr4,1,0.086815,0,0
antlr4.atn.ATNConfig.ATNConfig.__hash__,antlr4.atn.ATNConfig.ATNConfig.__hash__,,antlr4,2156,0.083389,0,0
_find_spec,_find_spec,,_find_spec,55,0.081254,0,0
antlr4.dfa.DFAState.DFAState.__hash__,antlr4.dfa.DFAState.DFAState.__hash__,,antlr4,46,0.074386,0,0
antlr4.PredictionContext.SingletonPredictionContext.__eq__,antlr4.PredictionContext.SingletonPredictionContext.__eq__,,antlr4,2000,0.071579,0,0
antlr4.atn.ATNConfigSet.ATNConfigSet.optimizeConfigs,antlr4.atn.ATNConfigSet.ATNConfigSet.optimizeConfigs,,antlr4,17,0.070105,0,0
antlr4.PredictionContext.getCachedPredictionContext,antlr4.PredictionContext.getCachedPredictionContext,,antlr4,436,0.068963,0,0
antlr4.atn.ATNDeserializer.ATNDeserializer.stateFactory,antlr4.atn.ATNDeserializer.ATNDeserializer.stateFactory,,antlr4,902,0.067869,0,0
antlr4.CommonTokenStream.<module>,antlr4.CommonTokenStream.<module>,,antlr4,1,0.067157,0,0
find_spec,find_spec,,find_spec,165,0.064956,0,0
antlr4.Lexer.<module>,antlr4.Lexer.<module>,,antlr4,1,0.063961,0,0
antlr4.atn.ATNSimulator.ParserATNSimulator.getCachedContext,antlr4.atn.ATNSimulator.ParserATNSimulator.getCachedContext,,antlr4,386,0.063396,0,0
antlr4.atn.ATNConfigSet.ATNConfigSet.getOrAdd,antlr4.atn.ATNConfigSet.ATNConfigSet.getOrAdd,,antlr4,796,0.061997,0,0
_get_spec,_get_spec,,_get_spec,55,0.061876,0,0
antlr4.error.ErrorStrategy.DefaultErrorStrategy.sync,antlr4.error.ErrorStrategy.DefaultErrorStrategy.sync,,antlr4,11,0.061003,0,0
antlr4.PredictionContext.ArrayPredictionContext.__init__,antlr4.PredictionContext.ArrayPredictionContext.__init__,,antlr4,1028,0.060265,0,0
antlr4.atn.ATN.ATN.nextTokens,antlr4.atn.ATN.ATN.nextTokens,,antlr4,11,0.057417,0,0
antlr4.atn.ATNConfigSet.<lambda>,antlr4.atn.ATNConfigSet.<lambda>,,antlr4,1002,0.0573,0,0
antlr4.atn.ATN.ATN.nextTokensNoContext,antlr4.atn.ATN.ATN.nextTokensNoContext,,antlr4,11,0.05718,0,0
antlr4.atn.ATN.ATN.nextTokensInContext,antlr4.atn.ATN.ATN.nextTokensInContext,,antlr4,11,0.056901,0,0
antlr4.atn.ATNConfigSet.ATNConfigSet.__hash__,antlr4.atn.ATNConfigSet.ATNConfigSet.__hash__,,antlr4,34,0.056137,0,0
antlr4.atn.ATNConfigSet.ATNConfigSet.hashConfigs,antlr4.atn.ATNConfigSet.ATNConfigSet.hashConfigs,,antlr4,34,0.055482,0,0
antlr4.atn.LexerATNSimulator.<module>,antlr4.atn.LexerATNSimulator.<module>,,antlr4,1,0.054259,0,0
antlr4.Parser.<module>,antlr4.Parser.<module>,,antlr4,1,0.054166,0,0
antlr4.atn.ATNConfig.ATNConfig.__init__,antlr4.atn.ATNConfig.ATNConfig.__init__,,antlr4,2753,0.054127,0,0
antlr4.LL1Analyzer.LL1Analyzer.LOOK,antlr4.LL1Analyzer.LL1Analyzer.LOOK,,antlr4,11,0.052258,0,0
SourceFileLoader.get_code,SourceFileLoader.get_code,,SourceFileLoader,54,0.052021,0,0
antlr4.atn.ATNDeserializer.ATNDeserializer.verifyATN,antlr4.atn.ATNDeserializer.ATNDeserializer.verifyATN,,antlr4,2,0.049609,0,0
FileFinder.find_spec,FileFinder.find_spec,,FileFinder,64,0.04841,0,0
antlr4.atn.ATNDeserializer.ATNDeserializer.readInt,antlr4.atn.ATNDeserializer.ATNDeserializer.readInt,,antlr4,7812,0.048267,0,0
antlr4.atn.LexerATNSimulator.LexerATNSimulator.execATN,antlr4.atn.LexerATNSimulator.LexerATNSimulator.execATN,,antlr4,1,0.04383,0,0
antlr4.atn.ParserATNSimulator.ParserATNSimulator.ruleTransition,antlr4.atn.ParserATNSimulator.ParserATNSimulator.ruleTransition,,antlr4,297,0.042912,0,0
antlr4.atn.LexerATNSimulator.LexerATNSimulator.computeTargetState,antlr4.atn.LexerATNSimulator.LexerATNSimulator.computeTargetState,,antlr4,8,0.041631,0,0
antlr4.atn.ATNDeserializer.adjust,antlr4.atn.ATNDeserializer.adjust,,antlr4,7812,0.041206,0,0
antlr4.PredictionContext.calculateListsHashCode,antlr4.PredictionContext.calculateListsHashCode,,antlr4,514,0.036835,0,0
antlr4.atn.Transition.AtomTransition.__init__,antlr4.atn.Transition.AtomTransition.__init__,,antlr4,626,0.036445,0,0
antlr4.BufferedTokenStream.<module>,antlr4.BufferedTokenStream.<module>,,antlr4,1,0.03491,0,0
antlr4.PredictionContext.create,antlr4.PredictionContext.create,,antlr4,396,0.033342,0,0
antlr4.atn.LexerATNSimulator.LexerATNSimulator.computeStartState,antlr4.atn.LexerATNSimulator.LexerATNSimulator.computeStartState,,antlr4,1,0.032387,0,0
antlr4.atn.LexerATNSimulator.LexerATNSimulator.getReachableConfigSet,antlr4.atn.LexerATNSimulator.LexerATNSimulator.getReachableConfigSet,,antlr4,8,0.03037,0,0
antlr4.atn.ATNDeserializer.<module>,antlr4.atn.ATNDeserializer.<module>,,antlr4,1,0.030071,0,0
module_from_spec,module_from_spec,,module_from_spec,55,0.028314,0,0
antlr4.error.Errors.<module>,antlr4.error.Errors.<module>,,antlr4,1,0.027022,0,0
antlr4.PredictionContext.SingletonPredictionContext.__init__,antlr4.PredictionContext.SingletonPredictionContext.__init__,,antlr4,792,0.026964,0,0
antlr4.PredictionContext.calculateHashCode,antlr4.PredictionContext.calculateHashCode,,antlr4,1219,0.026826,0,0
antlr4.PredictionContext.ArrayPredictionContext.__eq__,antlr4.PredictionContext.ArrayPredictionContext.__eq__,,antlr4,1144,0.026432,0,0
antlr4.PredictionContext.<module>,antlr4.PredictionContext.<module>,,antlr4,1,0.024475,0,0
antlr4.atn.ParserATNSimulator.ParserATNSimulator.canDropLoopEntryEdgeInLeftRecursiveRule,antlr4.atn.ParserATNSimulator.ParserATNSimulator.canDropLoopEntryEdgeInLeftRecursiveRule,,antlr4,2319,0.023646,0,0
antlr4.PredictionContext.PredictionContextCache.get,antlr4.PredictionContext.PredictionContextCache.get,,antlr4,190,0.021703,0,0
antlr4.atn.ATNState.BasicState.__init__,antlr4.atn.ATNState.BasicState.__init__,,antlr4,1094,0.021424,0,0
antlr4.atn.Transition.EpsilonTransition.__init__,antlr4.atn.Transition.EpsilonTransition.__init__,,antlr4,1184,0.021353,0,0
antlr4.PredictionContext.mergeRoot,antlr4.PredictionContext.mergeRoot,,antlr4,507,0.020849,0,0
antlr4.atn.Transition.AtomTransition.makeLabel,antlr4.atn.Transition.AtomTransition.makeLabel,,antlr4,313,0.020736,0,0
antlr4.atn.ATN.<module>,antlr4.atn.ATN.<module>,,antlr4,1,0.020722,0,0
antlr4.atn.LexerATNSimulator.LexerATNSimulator.addDFAState,antlr4.atn.LexerATNSimulator.LexerATNSimulator.addDFAState,,antlr4,8,0.020327,0,0
_init_module_attrs,_init_module_attrs,,_init_module_attrs,55,0.020226,0,0
antlr4.atn.ParserATNSimulator.ParserATNSimulator.addDFAEdge,antlr4.atn.ParserATNSimulator.ParserATNSimulator.addDFAEdge,,antlr4,9,0.020042,0,0
antlr4.atn.ATNConfig.ATNConfig.hashCodeForConfigSet,antlr4.atn.ATNConfig.ATNConfig.hashCodeForConfigSet,,antlr4,796,0.018011,0,0
antlr4.atn.ATNConfigSet.OrderedATNConfigSet.__hash__,antlr4.atn.ATNConfigSet.OrderedATNConfigSet.__hash__,,antlr4,12,0.017422,0,0
antlr4.atn.ATNConfig.LexerATNConfig.__init__,antlr4.atn.ATNConfig.LexerATNConfig.__init__,,antlr4,430,0.01736,0,0
antlr4.atn.ATNConfigSet.OrderedATNConfigSet.hashConfigs,antlr4.atn.ATNConfigSet.OrderedATNConfigSet.hashConfigs,,antlr4,12,0.017161,0,0
antlr4.ParserRuleContext.<module>,antlr4.ParserRuleContext.<module>,,antlr4,1,0.016864,0,0
antlr4.atn.ParserATNSimulator.ParserATNSimulator.applyPrecedenceFilter,antlr4.atn.ParserATNSimulator.ParserATNSimulator.applyPrecedenceFilter,,antlr4,4,0.015745,0,0
antlr4.atn.ATNConfig.LexerATNConfig.__hash__,antlr4.atn.ATNConfig.LexerATNConfig.__hash__,,antlr4,349,0.014997,0,0
antlr4.atn.ATNConfigSet.OrderedATNConfigSet.add,antlr4.atn.ATNConfigSet.OrderedATNConfigSet.add,,antlr4,119,0.014903,0,0
antlr4.atn.LexerATNSimulator.LexerATNSimulator.getEpsilonTarget,antlr4.atn.LexerATNSimulator.LexerATNSimulator.getEpsilonTarget,,antlr4,222,0.014306,0,0
antlr4.atn.SemanticContext.Predicate.__hash__,antlr4.atn.SemanticContext.Predicate.__hash__,,antlr4,3297,0.01376,0,0
antlr4.RuleContext.<module>,antlr4.RuleContext.<module>,,antlr4,1,0.013496,0,0
antlr4.atn.ParserATNSimulator.ParserATNSimulator.getReachableTarget,antlr4.atn.ParserATNSimulator.ParserATNSimulator.getReachableTarget,,antlr4,370,0.013404,0,0
antlr4.atn.ATNConfigSet.<genexpr>,antlr4.atn.ATNConfigSet.<genexpr>,,antlr4,522,0.013281,0,0
antlr4.tree.ParseTreePatternMatcher.<module>,antlr4.tree.ParseTreePatternMatcher.<module>,,antlr4,1,0.012971,0,0
_path_join,_path_join,,_path_join,376,0.011842,0,0
cache_from_source,cache_from_source,,cache_from_source,108,0.011573,0,0
ModuleSpec.cached,ModuleSpec.cached,,ModuleSpec,109,0.011301,0,0
antlr4.atn.ATNConfigSet.OrderedATNConfigSet.getOrAdd,antlr4.atn.ATNConfigSet.OrderedATNConfigSet.getOrAdd,,antlr4,119,0.011116,0,0
antlr4.atn.ATNConfig.<module>,antlr4.atn.ATNConfig.<module>,,antlr4,1,0.010398,0,0
antlr4.atn.LexerATNSimulator.LexerATNSimulator.addDFAEdge,antlr4.atn.LexerATNSimulator.LexerATNSimulator.addDFAEdge,,antlr4,8,0.010242,0,0
antlr4.atn.ATNSimulator.<module>,antlr4.atn.ATNSimulator.<module>,,antlr4,1,0.009947,0,0
FileFinder._get_spec,FileFinder._get_spec,,FileFinder,55,0.009473,0,0
antlr4.atn.ATNState.<module>,antlr4.atn.ATNState.<module>,,antlr4,1,0.008966,0,0
antlr4.IntervalSet.IntervalSet.addOne,antlr4.IntervalSet.IntervalSet.addOne,,antlr4,320,0.008788,0,0
_get_cached,_get_cached,,_get_cached,55,0.008767,0,0
_ModuleLockManager.__enter__,_ModuleLockManager.__enter__,,_ModuleLockManager,55,0.008701,0,0
uuid.<module>,uuid.<module>,,uuid,1,0.008669,0,0
_path_importer_cache,_path_importer_cache,,_path_importer_cache,67,0.008024,0,0
antlr4.atn.ATNDeserializer.ATNDeserializer.checkCondition,antlr4.atn.ATNDeserializer.ATNDeserializer.checkCondition,,antlr4,2120,0.007948,0,0
antlr4.atn.ATNConfig.LexerATNConfig.hashCodeForConfigSet,antlr4.atn.ATNConfig.LexerATNConfig.hashCodeForConfigSet,,antlr4,119,0.007643,0,0
antlr4.PredictionContext.EmptyPredictionContext.__hash__,antlr4.PredictionContext.EmptyPredictionContext.__hash__,,antlr4,2031,0.007598,0,0
antlr4.PredictionContext.SingletonPredictionContext.__hash__,antlr4.PredictionContext.SingletonPredictionContext.__hash__,,antlr4,2007,0.007547,0,0
antlr4.atn.ATNDeserializer.ATNDeserializer.readRules,antlr4.atn.ATNDeserializer.ATNDeserializer.readRules,,antlr4,2,0.007486,0,0
antlr4.atn.LexerActionExecutor.<module>,antlr4.atn.LexerActionExecutor.<module>,,antlr4,1,0.007166,0,0
antlr4.atn.ATNConfig.ATNConfig.equalsForConfigSet,antlr4.atn.ATNConfig.ATNConfig.equalsForConfigSet,,antlr4,261,0.00713,0,0
antlr4.atn.ParserATNSimulator.<module>,antlr4.atn.ParserATNSimulator.<module>,,antlr4,1,0.007106,0,0
_installed_safely.__exit__,_installed_safely.__exit__,,_installed_safely,55,0.006653,0,0
antlr4.atn.LexerATNSimulator.LexerATNSimulator.getReachableTarget,antlr4.atn.LexerATNSimulator.LexerATNSimulator.getReachableTarget,,antlr4,113,0.006558,0,0
antlr4.atn.ATN.ATN.addState,antlr4.atn.ATN.ATN.addState,,antlr4,902,0.006529,0,0
antlr4.IntervalSet.IntervalSet.__contains__,antlr4.IntervalSet.IntervalSet.__contains__,,antlr4,95,0.00635,0,0
antlr4.atn.ATNConfig.ATNConfig.__eq__,antlr4.atn.ATNConfig.ATNConfig.__eq__,,antlr4,216,0.006314,0,0
_path_hooks,_path_hooks,,_path_hooks,6,0.006281,0,0
antlr4.atn.Transition.SetTransition.matches,antlr4.atn.Transition.SetTransition.matches,,antlr4,80,0.006235,0,0
antlr4.IntervalSet.IntervalSet.addRange,antlr4.IntervalSet.IntervalSet.addRange,,antlr4,418,0.005832,0,0
antlr4.atn.ATNState.BasicBlockStartState.__init__,antlr4.atn.ATNState.BasicBlockStartState.__init__,,antlr4,144,0.005821,0,0
sympy.parsing.latex._parse_latex_antlr.convert_relation,sympy.parsing.latex._parse_latex_antlr.convert_relation,,sympy,1,0.005367,0,0
enum.__new__,enum.__new__,,enum,4,0.005354,0,0
antlr4.PredictionContext.EmptyPredictionContext.__eq__,antlr4.PredictionContext.EmptyPredictionContext.__eq__,,antlr4,1412,0.005323,0,0
_compile_bytecode,_compile_bytecode,,_compile_bytecode,53,0.005221,0,0
sympy.parsing.latex._parse_latex_antlr.convert_expr,sympy.parsing.latex._parse_latex_antlr.convert_expr,,sympy,1,0.005074,0,0
_path_isfile,_path_isfile,,_path_isfile,73,0.004966,0,0
antlr4.IntervalSet.IntervalSet.addSet,antlr4.IntervalSet.IntervalSet.addSet,,antlr4,72,0.004949,0,0
path_hook_for_FileFinder,path_hook_for_FileFinder,,path_hook_for_FileFinder,6,0.004917,0,0
sympy.parsing.latex._parse_latex_antlr.convert_add,sympy.parsing.latex._parse_latex_antlr.convert_add,,sympy,1,0.004888,0,0
antlr4.atn.Transition.<module>,antlr4.atn.Transition.<module>,,antlr4,1,0.004797,0,0
sympy.parsing.latex._parse_latex_antlr.convert_mp,sympy.parsing.latex._parse_latex_antlr.convert_mp,,sympy,1,0.004389,0,0
antlr4.atn.ATNState.BasicState.addTransition,antlr4.atn.ATNState.BasicState.addTransition,,antlr4,546,0.00419,0,0
antlr4.atn.Transition.RuleTransition.__init__,antlr4.atn.Transition.RuleTransition.__init__,,antlr4,210,0.004078,0,0
antlr4.atn.LexerAction.<module>,antlr4.atn.LexerAction.<module>,,antlr4,1,0.00405,0,0
antlr4.atn.ParserATNSimulator.ParserATNSimulator.precedenceTransition,antlr4.atn.ParserATNSimulator.ParserATNSimulator.precedenceTransition,,antlr4,75,0.004026,0,0
antlr4.atn.ATNState.RuleStartState.__init__,antlr4.atn.ATNState.RuleStartState.__init__,,antlr4,188,0.003875,0,0
_get_module_lock,_get_module_lock,,_get_module_lock,62,0.003847,0,0
SourceFileLoader._cache_bytecode,SourceFileLoader._cache_bytecode,,SourceFileLoader,1,0.00378,0,0
SourceFileLoader.source_to_code,SourceFileLoader.source_to_code,,SourceFileLoader,1,0.003763,0,0
spec_from_file_location,spec_from_file_location,,spec_from_file_location,55,0.003713,0,0
antlr4.atn.ATNState.RuleStopState.__init__,antlr4.atn.ATNState.RuleStopState.__init__,,antlr4,188,0.003626,0,0
antlr4.PredictionContext.ArrayPredictionContext.__hash__,antlr4.PredictionContext.ArrayPredictionContext.__hash__,,antlr4,984,0.003602,0,0
<listcomp>,<listcomp>,,<listcomp>,376,0.003542,0,0
antlr4.Recognizer.<module>,antlr4.Recognizer.<module>,,antlr4,1,0.003438,0,0
antlr4.tree.Trees.<module>,antlr4.tree.Trees.<module>,,antlr4,1,0.003333,0,0
antlr4.atn.PredictionMode.<module>,antlr4.atn.PredictionMode.<module>,,antlr4,1,0.003277,0,0
enum._EnumDict.__setitem__,enum._EnumDict.__setitem__,,enum,47,0.003237,0,0
sympy.parsing.latex._parse_latex_antlr.convert_unary,sympy.parsing.latex._parse_latex_antlr.convert_unary,,sympy,1,0.003221,0,0
_handle_fromlist,_handle_fromlist,,_handle_fromlist,341,0.002955,0,0
_classify_pyc,_classify_pyc,,_classify_pyc,53,0.002866,0,0
_ModuleLockManager.__exit__,_ModuleLockManager.__exit__,,_ModuleLockManager,55,0.002851,0,0
antlr4.atn.ATNDeserializer.ATNDeserializer.markPrecedenceDecisions,antlr4.atn.ATNDeserializer.ATNDeserializer.markPrecedenceDecisions,,antlr4,2,0.002814,0,0
_path_is_mode_type,_path_is_mode_type,,_path_is_mode_type,80,0.002812,0,0
sympy.parsing.latex._parse_latex_antlr.convert_postfix_list,sympy.parsing.latex._parse_latex_antlr.convert_postfix_list,,sympy,1,0.002633,0,0
_path_stat,_path_stat,,_path_stat,199,0.002617,0,0
antlr4.atn.PredictionMode.hasSLLConflictTerminatingPrediction,antlr4.atn.PredictionMode.hasSLLConflictTerminatingPrediction,,antlr4,1,0.002603,0,0
sympy.parsing.latex._parse_latex_antlr.convert_postfix,sympy.parsing.latex._parse_latex_antlr.convert_postfix,,sympy,1,0.002569,0,0
antlr4.PredictionContext.PredictionContextCache.add,antlr4.PredictionContext.PredictionContextCache.add,,antlr4,38,0.002435,0,0
SourceFileLoader._check_name_wrapper,SourceFileLoader._check_name_wrapper,,SourceFileLoader,54,0.002423,0,0
_validate_timestamp_pyc,_validate_timestamp_pyc,,_validate_timestamp_pyc,53,0.002386,0,0
antlr4.atn.ATNType.<module>,antlr4.atn.ATNType.<module>,,antlr4,1,0.002368,0,0
antlr4.atn.ATNState.StarBlockStartState.__init__,antlr4.atn.ATNState.StarBlockStartState.__init__,,antlr4,56,0.002294,0,0
antlr4.atn.SemanticContext.Predicate.__eq__,antlr4.atn.SemanticContext.Predicate.__eq__,,antlr4,485,0.002282,0,0
antlr4.atn.ATNState.BlockEndState.__init__,antlr4.atn.ATNState.BlockEndState.__init__,,antlr4,112,0.002248,0,0
sympy.parsing.latex._parse_latex_antlr.convert_exp,sympy.parsing.latex._parse_latex_antlr.convert_exp,,sympy,1,0.002241,0,0
FileFinder.__init__,FileFinder.__init__,,FileFinder,6,0.002171,0,0
antlr4.PredictionContext.EmptyPredictionContext.isEmpty,antlr4.PredictionContext.EmptyPredictionContext.isEmpty,,antlr4,535,0.002,0,0
antlr4.atn.ATNDeserializer.ATNDeserializer.readSets,antlr4.atn.ATNDeserializer.ATNDeserializer.readSets,,antlr4,4,0.001949,0,0
sympy.parsing.latex._parse_latex_antlr.convert_comp,sympy.parsing.latex._parse_latex_antlr.convert_comp,,sympy,1,0.001919,0,0
SourceFileLoader.get_data,SourceFileLoader.get_data,,SourceFileLoader,55,0.001914,0,0
SourceFileLoader.path_stats,SourceFileLoader.path_stats,,SourceFileLoader,54,0.001755,0,0
_verbose_message,_verbose_message,,_verbose_message,404,0.001742,0,0
antlr4.atn.PredictionMode.PredictionMode,antlr4.atn.PredictionMode.PredictionMode,,antlr4,1,0.0017,0,0
antlr4.PredictionContext.combineCommonParents,antlr4.PredictionContext.combineCommonParents,,antlr4,12,0.001693,0,0
antlr4.IntervalSet.IntervalSet.__init__,antlr4.IntervalSet.IntervalSet.__init__,,antlr4,333,0.001652,0,0
sympy.parsing.latex._antlr.latexparser.<listcomp>,sympy.parsing.latex._antlr.latexparser.<listcomp>,,sympy,1,0.001624,0,0
antlr4.atn.Transition.AtomTransition.matches,antlr4.atn.Transition.AtomTransition.matches,,antlr4,403,0.001611,0,0
antlr4.atn.ATNDeserializer.ATNDeserializer.readDecisions,antlr4.atn.ATNDeserializer.ATNDeserializer.readDecisions,,antlr4,2,0.001544,0,0
antlr4.atn.ParserATNSimulator.ParserATNSimulator.actionTransition,antlr4.atn.ParserATNSimulator.ParserATNSimulator.actionTransition,,antlr4,38,0.001526,0,0
SourceFileLoader.set_data,SourceFileLoader.set_data,,SourceFileLoader,1,0.001399,0,0
_code_to_timestamp_pyc,_code_to_timestamp_pyc,,_code_to_timestamp_pyc,1,0.001378,0,0
antlr4.atn.ATNState.StarLoopEntryState.__init__,antlr4.atn.ATNState.StarLoopEntryState.__init__,,antlr4,42,0.001372,0,0
sympy.parsing.latex._parse_latex_antlr.convert_atom,sympy.parsing.latex._parse_latex_antlr.convert_atom,,sympy,1,0.001369,0,0
antlr4.atn.PredictionMode.getConflictingAltSubsets,antlr4.atn.PredictionMode.getConflictingAltSubsets,,antlr4,1,0.001362,0,0
antlr4.IntervalSet.<genexpr>,antlr4.IntervalSet.<genexpr>,,antlr4,296,0.001283,0,0
antlr4.BufferedTokenStream.CommonTokenStream.LA,antlr4.BufferedTokenStream.CommonTokenStream.LA,,antlr4,23,0.001104,0,0
antlr4.atn.ATNDeserializer.ATNDeserializer,antlr4.atn.ATNDeserializer.ATNDeserializer,,antlr4,1,0.001083,0,0
<genexpr>,<genexpr>,,<genexpr>,268,0.001076,0,0
antlr4.dfa.DFAState.DFAState.__eq__,antlr4.dfa.DFAState.DFAState.__eq__,,antlr4,12,0.001054,0,0
antlr4.error.ErrorStrategy.<module>,antlr4.error.ErrorStrategy.<module>,,antlr4,1,0.001016,0,0
antlr4.dfa.DFA.DFA.__init__,antlr4.dfa.DFA.DFA.__init__,,antlr4,57,0.001004,0,0
antlr4.atn.ATNState.PlusBlockStartState.__init__,antlr4.atn.ATNState.PlusBlockStartState.__init__,,antlr4,24,0.000991,0,0
_ModuleLock.acquire,_ModuleLock.acquire,,_ModuleLock,62,0.000987,0,0
antlr4.atn.ATNDeserializer.ATNDeserializer.checkUUID,antlr4.atn.ATNDeserializer.ATNDeserializer.checkUUID,,antlr4,2,0.000959,0,0
antlr4.atn.PredictionMode.hasConflictingAltSet,antlr4.atn.PredictionMode.hasConflictingAltSet,,antlr4,1,0.000955,0,0
typing._VariadicGenericAlias.__getitem__,typing._VariadicGenericAlias.__getitem__,,typing,1,0.000948,0,0
_path_split,_path_split,,_path_split,109,0.00092,0,0
antlr4.atn.ATNConfig.LexerATNConfig.checkNonGreedyDecision,antlr4.atn.ATNConfig.LexerATNConfig.checkNonGreedyDecision,,antlr4,158,0.0009,0,0
antlr4.atn.LexerAction.LexerActionType,antlr4.atn.LexerAction.LexerActionType,,antlr4,1,0.000893,0,0
typing.inner,typing.inner,,typing,1,0.000886,0,0
antlr4.tree.Tree.<module>,antlr4.tree.Tree.<module>,,antlr4,1,0.000877,0,0
_ModuleLock.release,_ModuleLock.release,,_ModuleLock,62,0.000852,0,0
antlr4.atn.ATNState.LoopEndState.__init__,antlr4.atn.ATNState.LoopEndState.__init__,,antlr4,40,0.000828,0,0
enum.<setcomp>,enum.<setcomp>,,enum,4,0.000813,0,0
antlr4.atn.ATNState.RuleStopState.addTransition,antlr4.atn.ATNState.RuleStopState.addTransition,,antlr4,105,0.000803,0,0
enum.__prepare__,enum.__prepare__,,enum,4,0.000802,0,0
typing._VariadicGenericAlias.__getitem_inner__,typing._VariadicGenericAlias.__getitem_inner__,,typing,1,0.000783,0,0
antlr4.atn.ATNConfigSet.OrderedATNConfigSet.__eq__,antlr4.atn.ATNConfigSet.OrderedATNConfigSet.__eq__,,antlr4,11,0.000776,0,0
antlr4.atn.ATNDeserializer.ATNDeserializer.readUUID,antlr4.atn.ATNDeserializer.ATNDeserializer.readUUID,,antlr4,2,0.000769,0,0
antlr4.Parser.LaTeXParser.exitRule,antlr4.Parser.LaTeXParser.exitRule,,antlr4,6,0.00076,0,0
antlr4.atn.ATNConfig.LexerATNConfig.__eq__,antlr4.atn.ATNConfig.LexerATNConfig.__eq__,,antlr4,16,0.000757,0,0
antlr4.atn.ATNState.RuleStartState.addTransition,antlr4.atn.ATNState.RuleStartState.addTransition,,antlr4,94,0.000739,0,0
sympy.parsing.latex._antlr.latexparser.LaTeXParser.__init__,sympy.parsing.latex._antlr.latexparser.LaTeXParser.__init__,,sympy,1,0.000739,0,0
_r_long,_r_long,,_r_long,159,0.000725,0,0
antlr4.BufferedTokenStream.CommonTokenStream.seek,antlr4.BufferedTokenStream.CommonTokenStream.seek,,antlr4,8,0.000709,0,0
_ImportLockContext.__exit__,_ImportLockContext.__exit__,,_ImportLockContext,165,0.000708,0,0
antlr4.atn.Transition.SetTransition.__init__,antlr4.atn.Transition.SetTransition.__init__,,antlr4,38,0.000682,0,0
antlr4.atn.ATNState.BasicBlockStartState.addTransition,antlr4.atn.ATNState.BasicBlockStartState.addTransition,,antlr4,90,0.000676,0,0
sympy.parsing.latex._antlr.latexlexer.LaTeXLexer.__init__,sympy.parsing.latex._antlr.latexlexer.LaTeXLexer.__init__,,sympy,1,0.000667,0,0
_ImportLockContext.__enter__,_ImportLockContext.__enter__,,_ImportLockContext,165,0.000656,0,0
ModuleSpec.__init__,ModuleSpec.__init__,,ModuleSpec,55,0.000653,0,0
antlr4.atn.ATNState.PlusLoopbackState.__init__,antlr4.atn.ATNState.PlusLoopbackState.__init__,,antlr4,18,0.000645,0,0
_lock_unlock_module,_lock_unlock_module,,_lock_unlock_module,7,0.000642,0,0
sympy.core.symbol.__new__,sympy.core.symbol.__new__,,sympy,1,0.000604,0,0
antlr4.BufferedTokenStream.CommonTokenStream.consume,antlr4.BufferedTokenStream.CommonTokenStream.consume,,antlr4,2,0.000587,0,0
antlr4.CommonTokenStream.CommonTokenStream.adjustSeekIndex,antlr4.CommonTokenStream.CommonTokenStream.adjustSeekIndex,,antlr4,11,0.000585,0,0
_ModuleLock.__init__,_ModuleLock.__init__,,_ModuleLock,55,0.000572,0,0
antlr4.atn.SemanticContext.<module>,antlr4.atn.SemanticContext.<module>,,antlr4,1,0.000571,0,0
antlr4.Parser.LaTeXParser.unrollRecursionContexts,antlr4.Parser.LaTeXParser.unrollRecursionContexts,,antlr4,4,0.00056,0,0
antlr4.atn.ATNDeserializer.ATNDeserializer.readLong,antlr4.atn.ATNDeserializer.ATNDeserializer.readLong,,antlr4,4,0.000557,0,0
typing._VariadicGenericAlias.copy_with,typing._VariadicGenericAlias.copy_with,,typing,1,0.000549,0,0
antlr4.atn.ATNState.StarLoopbackState.__init__,antlr4.atn.ATNState.StarLoopbackState.__init__,,antlr4,28,0.000547,0,0
antlr4.atn.Transition.PrecedencePredicateTransition.__init__,antlr4.atn.Transition.PrecedencePredicateTransition.__init__,,antlr4,18,0.000537,0,0
antlr4.atn.ParserATNSimulator.ParserATNSimulator.removeAllConfigsNotInRuleStopState,antlr4.atn.ParserATNSimulator.ParserATNSimulator.removeAllConfigsNotInRuleStopState,,antlr4,8,0.000535,0,0
antlr4.Parser.LaTeXParser.consume,antlr4.Parser.LaTeXParser.consume,,antlr4,1,0.000533,0,0
cb,cb,,cb,55,0.000518,0,0
antlr4.atn.ATNConfigSet.ATNConfigSet.__init__,antlr4.atn.ATNConfigSet.ATNConfigSet.__init__,,antlr4,39,0.000498,0,0
antlr4.CommonTokenStream.CommonTokenStream.LB,antlr4.CommonTokenStream.CommonTokenStream.LB,,antlr4,14,0.000496,0,0
antlr4.atn.ATNState.BasicState.__eq__,antlr4.atn.ATNState.BasicState.__eq__,,antlr4,120,0.000494,0,0
antlr4.atn.ATNType.ATNType,antlr4.atn.ATNType.ATNType,,antlr4,1,0.000491,0,0
enum._find_new_,enum._find_new_,,enum,4,0.000489,0,0
typing._GenericAlias.__init__,typing._GenericAlias.__init__,,typing,1,0.00049,0,0
antlr4.PredictionContext.SingletonPredictionContext.isEmpty,antlr4.PredictionContext.SingletonPredictionContext.isEmpty,,antlr4,126,0.000483,0,0
antlr4.Parser.LaTeXParser.__init__,antlr4.Parser.LaTeXParser.__init__,,antlr4,1,0.000469,0,0
antlr4.atn.PredictionMode.allConfigsInRuleStopStates,antlr4.atn.PredictionMode.allConfigsInRuleStopStates,,antlr4,9,0.000461,0,0
uuid.SafeUUID,uuid.SafeUUID,,uuid,1,0.000451,0,0
antlr4.Lexer.LaTeXLexer.emit,antlr4.Lexer.LaTeXLexer.emit,,antlr4,1,0.000438,0,0
antlr4.atn.ATNState.TokensStartState.addTransition,antlr4.atn.ATNState.TokensStartState.addTransition,,antlr4,57,0.000435,0,0
sympy.core.cache.wrapper,sympy.core.cache.wrapper,,sympy,1,0.000432,0,0
antlr4.atn.ATNState.BlockEndState.addTransition,antlr4.atn.ATNState.BlockEndState.addTransition,,antlr4,56,0.000426,0,0
antlr4.atn.ATNConfigSet.OrderedATNConfigSet.__init__,antlr4.atn.ATNConfigSet.OrderedATNConfigSet.__init__,,antlr4,18,0.000419,0,0
enum._get_mixins_,enum._get_mixins_,,enum,8,0.000413,0,0
antlr4.atn.ATNConfigSet.<module>,antlr4.atn.ATNConfigSet.<module>,,antlr4,1,0.000397,0,0
enum.__setattr__,enum.__setattr__,,enum,36,0.000395,0,0
antlr4.dfa.DFAState.DFAState.__init__,antlr4.dfa.DFAState.DFAState.__init__,,antlr4,33,0.000386,0,0
antlr4.atn.LexerATNSimulator.LexerATNSimulator.consume,antlr4.atn.LexerATNSimulator.LexerATNSimulator.consume,,antlr4,7,0.000387,0,0
antlr4.atn.ATNDeserializer.ATNDeserializer.readInt32,antlr4.atn.ATNDeserializer.ATNDeserializer.readInt32,,antlr4,8,0.000384,0,0
antlr4.CommonTokenFactory.CommonTokenFactory.create,antlr4.CommonTokenFactory.CommonTokenFactory.create,,antlr4,2,0.000379,0,0
_path_isdir,_path_isdir,,_path_isdir,7,0.000376,0,0
sympy.parsing.latex._antlr.latexlexer.<listcomp>,sympy.parsing.latex._antlr.latexlexer.<listcomp>,,sympy,1,0.000368,0,0
sympy.core.symbol.__new_stage2__,sympy.core.symbol.__new_stage2__,,sympy,1,0.000362,0,0
antlr4.BufferedTokenStream.CommonTokenStream.nextTokenOnChannel,antlr4.BufferedTokenStream.CommonTokenStream.nextTokenOnChannel,,antlr4,11,0.000349,0,0
antlr4.Parser.LaTeXParser.enterRecursionRule,antlr4.Parser.LaTeXParser.enterRecursionRule,,antlr4,4,0.000329,0,0
antlr4.error.DiagnosticErrorListener.<module>,antlr4.error.DiagnosticErrorListener.<module>,,antlr4,1,0.000323,0,0
ModuleSpec.parent,ModuleSpec.parent,,ModuleSpec,56,0.000322,0,0
antlr4.LL1Analyzer.<module>,antlr4.LL1Analyzer.<module>,,antlr4,1,0.00032,0,0
antlr4.Parser.LaTeXParser.setInputStream,antlr4.Parser.LaTeXParser.setInputStream,,antlr4,1,0.000318,0,0
antlr4.PredictionContext.EmptyPredictionContext.hasEmptyPath,antlr4.PredictionContext.EmptyPredictionContext.hasEmptyPath,,antlr4,6,0.000315,0,0
_installed_safely.__enter__,_installed_safely.__enter__,,_installed_safely,55,0.000312,0,0
antlr4.dfa.DFAState.<module>,antlr4.dfa.DFAState.<module>,,antlr4,1,0.000309,0,0
ExtensionFileLoader.create_module,ExtensionFileLoader.create_module,,ExtensionFileLoader,1,0.000304,0,0
_ModuleLockManager.__init__,_ModuleLockManager.__init__,,_ModuleLockManager,55,0.000301,0,0
_installed_safely.__init__,_installed_safely.__init__,,_installed_safely,55,0.000298,0,0
antlr4.Token.CommonToken.__init__,antlr4.Token.CommonToken.__init__,,antlr4,4,0.000295,0,0
antlr4.atn.ATNDeserializer.ATNDeserializer.readATN,antlr4.atn.ATNDeserializer.ATNDeserializer.readATN,,antlr4,2,0.000294,0,0
FileFinder._fill_cache,FileFinder._fill_cache,,FileFinder,6,0.000294,0,0
enum._is_dunder,enum._is_dunder,,enum,47,0.000294,0,0
antlr4.ParserRuleContext.MpContext.getToken,antlr4.ParserRuleContext.MpContext.getToken,,antlr4,6,0.000293,0,0
antlr4.atn.ParserATNSimulator.ParserATNSimulator.getUniqueAlt,antlr4.atn.ParserATNSimulator.ParserATNSimulator.getUniqueAlt,,antlr4,10,0.00029,0,0
antlr4.Parser.LaTeXParser.enterOuterAlt,antlr4.Parser.LaTeXParser.enterOuterAlt,,antlr4,10,0.000289,0,0
SourceFileLoader.__init__,SourceFileLoader.__init__,,SourceFileLoader,54,0.000289,0,0
antlr4.dfa.DFA.<module>,antlr4.dfa.DFA.<module>,,antlr4,1,0.000284,0,0
antlr4.atn.Transition.ActionTransition.__init__,antlr4.atn.Transition.ActionTransition.__init__,,antlr4,14,0.000281,0,0
enum._is_sunder,enum._is_sunder,,enum,47,0.000275,0,0
antlr4.atn.ATNDeserializer.ATNDeserializer.readLexerActions,antlr4.atn.ATNDeserializer.ATNDeserializer.readLexerActions,,antlr4,2,0.000274,0,0
uuid.UUID.__init__,uuid.UUID.__init__,,uuid,8,0.000272,0,0
antlr4.PredictionContext.EmptyPredictionContext.__init__,antlr4.PredictionContext.EmptyPredictionContext.__init__,,antlr4,3,0.00027,0,0
antlr4.ParserRuleContext.CompContext.getTypedRuleContext,antlr4.ParserRuleContext.CompContext.getTypedRuleContext,,antlr4,4,0.00027,0,0
antlr4.atn.ATNDeserializationOptions.<module>,antlr4.atn.ATNDeserializationOptions.<module>,,antlr4,1,0.000269,0,0
antlr4.PredictionContext.ArrayPredictionContext.isEmpty,antlr4.PredictionContext.ArrayPredictionContext.isEmpty,,antlr4,65,0.000268,0,0
antlr4.PredictionContext.<listcomp>,antlr4.PredictionContext.<listcomp>,,antlr4,9,0.000268,0,0
antlr4.Parser.LaTeXParser.setTokenStream,antlr4.Parser.LaTeXParser.setTokenStream,,antlr4,1,0.000267,0,0
_new_module,_new_module,,_new_module,54,0.000265,0,0
antlr4.IntervalSet.<module>,antlr4.IntervalSet.<module>,,antlr4,1,0.000254,0,0
antlr4.PredictionContext.SingletonPredictionContext.getParent,antlr4.PredictionContext.SingletonPredictionContext.getParent,,antlr4,66,0.000251,0,0
antlr4.dfa.DFA.DFA.states,antlr4.dfa.DFA.DFA.states,,antlr4,67,0.000249,0,0
antlr4.atn.PredictionMode.<genexpr>,antlr4.atn.PredictionMode.<genexpr>,,antlr4,61,0.000246,0,0
antlr4.IntervalSet.IntervalSet.reduce,antlr4.IntervalSet.IntervalSet.reduce,,antlr4,25,0.000243,0,0
antlr4.ParserRuleContext.MpContext.getTypedRuleContext,antlr4.ParserRuleContext.MpContext.getTypedRuleContext,,antlr4,3,0.000241,0,0
sympy.parsing.latex._antlr.latexlexer.serializedATN,sympy.parsing.latex._antlr.latexlexer.serializedATN,,sympy,1,0.000241,0,0
antlr4.error.ErrorListener.<module>,antlr4.error.ErrorListener.<module>,,antlr4,1,0.000238,0,0
_relax_case,_relax_case,,_relax_case,64,0.000236,0,0
antlr4.Lexer.LaTeXLexer.emitEOF,antlr4.Lexer.LaTeXLexer.emitEOF,,antlr4,1,0.000235,0,0
antlr4.CommonTokenFactory.<module>,antlr4.CommonTokenFactory.<module>,,antlr4,1,0.000235,0,0
sympy.parsing.latex._antlr.latexparser.serializedATN,sympy.parsing.latex._antlr.latexparser.serializedATN,,sympy,1,0.000234,0,0
SourceFileLoader.get_filename,SourceFileLoader.get_filename,,SourceFileLoader,54,0.000232,0,0
sympy.parsing.latex._antlr.latexparser.MpContext.mp,sympy.parsing.latex._antlr.latexparser.MpContext.mp,,sympy,2,0.000231,0,0
antlr4.Recognizer.LaTeXParser.state,antlr4.Recognizer.LaTeXParser.state,,antlr4,58,0.000223,0,0
antlr4.Token.<module>,antlr4.Token.<module>,,antlr4,1,0.000222,0,0
antlr4.atn.ATNState.StarLoopEntryState.addTransition,antlr4.atn.ATNState.StarLoopEntryState.addTransition,,antlr4,28,0.000222,0,0
antlr4.tree.Chunk.<module>,antlr4.tree.Chunk.<module>,,antlr4,1,0.000221,0,0
antlr4.InputStream.<module>,antlr4.InputStream.<module>,,antlr4,1,0.000216,0,0
sympy.parsing.latex._antlr.latexparser.MathContext.relation,sympy.parsing.latex._antlr.latexparser.MathContext.relation,,sympy,1,0.000215,0,0
antlr4.atn.LexerATNSimulator.LexerATNSimulator.__init__,antlr4.atn.LexerATNSimulator.LexerATNSimulator.__init__,,antlr4,1,0.000213,0,0
antlr4.Parser.LaTeXParser.reset,antlr4.Parser.LaTeXParser.reset,,antlr4,1,0.000211,0,0
typing._GenericAlias.__setattr__,typing._GenericAlias.__setattr__,,typing,7,0.000211,0,0
sympy.core.assumptions.StdFactKB.__init__,sympy.core.assumptions.StdFactKB.__init__,,sympy,1,0.000208,0,0
ModuleSpec.has_location,ModuleSpec.has_location,,ModuleSpec,55,0.000207,0,0
antlr4.tree.Tree.TerminalNodeImpl.getText,antlr4.tree.Tree.TerminalNodeImpl.getText,,antlr4,1,0.000206,0,0
SourceFileLoader.create_module,SourceFileLoader.create_module,,SourceFileLoader,54,0.000204,0,0
antlr4.atn.LexerATNSimulator.<genexpr>,antlr4.atn.LexerATNSimulator.<genexpr>,,antlr4,14,0.000201,0,0
antlr4.ParserRuleContext.CompContext.getChild,antlr4.ParserRuleContext.CompContext.getChild,,antlr4,4,0.000198,0,0
antlr4.atn.ATNConfigSet.ATNConfigSet.__iter__,antlr4.atn.ATNConfigSet.ATNConfigSet.__iter__,,antlr4,46,0.000196,0,0
antlr4.FileStream.<module>,antlr4.FileStream.<module>,,antlr4,1,0.000188,0,0
antlr4.Parser.LaTeXParser.addContextToParseTree,antlr4.Parser.LaTeXParser.addContextToParseTree,,antlr4,6,0.000181,0,0
antlr4.ParserRuleContext.AtomContext.addTokenNode,antlr4.ParserRuleContext.AtomContext.addTokenNode,,antlr4,1,0.000179,0,0
sympy.parsing.latex._antlr.latexparser.RelationContext.expr,sympy.parsing.latex._antlr.latexparser.RelationContext.expr,,sympy,2,0.000179,0,0
antlr4.ParserRuleContext.MpContext.getChild,antlr4.ParserRuleContext.MpContext.getChild,,antlr4,3,0.000173,0,0
antlr4.PredictionContext.ArrayPredictionContext.getParent,antlr4.PredictionContext.ArrayPredictionContext.getParent,,antlr4,45,0.000171,0,0
antlr4.ListTokenSource.<module>,antlr4.ListTokenSource.<module>,,antlr4,1,0.00017,0,0
antlr4.atn.ATNState.RuleStartState.__eq__,antlr4.atn.ATNState.RuleStartState.__eq__,,antlr4,41,0.000167,0,0
sympy.parsing.latex._antlr.latexparser.CompContext.atom,sympy.parsing.latex._antlr.latexparser.CompContext.atom,,sympy,2,0.000165,0,0
antlr4.Recognizer.LaTeXLexer.checkVersion,antlr4.Recognizer.LaTeXLexer.checkVersion,,antlr4,1,0.000164,0,0
enum._is_descriptor,enum._is_descriptor,,enum,31,0.000161,0,0
antlr4.Token.CommonToken.text,antlr4.Token.CommonToken.text,,antlr4,1,0.000157,0,0
antlr4.atn.LexerATNSimulator.LexerATNSimulator.captureSimState,antlr4.atn.LexerATNSimulator.LexerATNSimulator.captureSimState,,antlr4,6,0.000152,0,0
antlr4.atn.ATNState.LoopEndState.addTransition,antlr4.atn.ATNState.LoopEndState.addTransition,,antlr4,20,0.00015,0,0
antlr4.InputStream.InputStream.LA,antlr4.InputStream.InputStream.LA,,antlr4,16,0.00015,0,0
antlr4.ParserRuleContext.AtomContext.getToken,antlr4.ParserRuleContext.AtomContext.getToken,,antlr4,3,0.000148,0,0
enum._find_data_type,enum._find_data_type,,enum,8,0.000144,0,0
antlr4.ParserRuleContext.RelationContext.getTypedRuleContext,antlr4.ParserRuleContext.RelationContext.getTypedRuleContext,,antlr4,2,0.000141,0,0
antlr4.atn.ATNDeserializer.ATNDeserializer.isFeatureSupported,antlr4.atn.ATNDeserializer.ATNDeserializer.isFeatureSupported,,antlr4,2,0.000139,0,0
antlr4.ParserRuleContext.ExpContext.getTypedRuleContext,antlr4.ParserRuleContext.ExpContext.getTypedRuleContext,,antlr4,2,0.000138,0,0
antlr4.ParserRuleContext.MathContext.getTypedRuleContext,antlr4.ParserRuleContext.MathContext.getTypedRuleContext,,antlr4,1,0.000133,0,0
sympy.parsing.latex._antlr.latexparser.AdditiveContext.ADD,sympy.parsing.latex._antlr.latexparser.AdditiveContext.ADD,,sympy,1,0.000132,0,0
antlr4.PredictionContext.SingletonPredictionContext.__len__,antlr4.PredictionContext.SingletonPredictionContext.__len__,,antlr4,37,0.000132,0,0
sympy.parsing.latex._antlr.latexparser.AtomContext.SYMBOL,sympy.parsing.latex._antlr.latexparser.AtomContext.SYMBOL,,sympy,2,0.000132,0,0
antlr4.atn.ATNState.TokensStartState.__init__,antlr4.atn.ATNState.TokensStartState.__init__,,antlr4,3,0.000131,0,0
antlr4.atn.SemanticContext.PrecedencePredicate.evalPrecedence,antlr4.atn.SemanticContext.PrecedencePredicate.evalPrecedence,,antlr4,4,0.000128,0,0
antlr4.atn.Transition.PrecedencePredicateTransition.getPredicate,antlr4.atn.Transition.PrecedencePredicateTransition.getPredicate,,antlr4,4,0.000125,0,0
enum.__getattr__,enum.__getattr__,,enum,4,0.000122,0,0
antlr4.InputStream.InputStream.__init__,antlr4.InputStream.InputStream.__init__,,antlr4,1,0.000121,0,0
antlr4.atn.LexerATNSimulator.LexerATNSimulator.failOrAccept,antlr4.atn.LexerATNSimulator.LexerATNSimulator.failOrAccept,,antlr4,1,0.000119,0,0
antlr4.tree.TokenTagToken.<module>,antlr4.tree.TokenTagToken.<module>,,antlr4,1,0.000118,0,0
antlr4.StdinStream.<module>,antlr4.StdinStream.<module>,,antlr4,1,0.000115,0,0
antlr4.atn.ParserATNSimulator.ParserATNSimulator,antlr4.atn.ParserATNSimulator.ParserATNSimulator,,antlr4,1,0.000114,0,0
antlr4.tree.RuleTagToken.<module>,antlr4.tree.RuleTagToken.<module>,,antlr4,1,0.000111,0,0
antlr4.ParserRuleContext.AdditiveContext.getToken,antlr4.ParserRuleContext.AdditiveContext.getToken,,antlr4,2,0.000109,0,0
antlr4.atn.ATNConfigSet.ATNConfigSet.setReadonly,antlr4.atn.ATNConfigSet.ATNConfigSet.setReadonly,,antlr4,17,0.000108,0,0
sympy.parsing.latex._antlr.latexparser.UnaryContext.postfix,sympy.parsing.latex._antlr.latexparser.UnaryContext.postfix,,sympy,1,0.000106,0,0
antlr4.atn.ATNDeserializationOptions.ATNDeserializationOptions.__init__,antlr4.atn.ATNDeserializationOptions.ATNDeserializationOptions.__init__,,antlr4,1,0.000106,0,0
antlr4.atn.ATNState.StarLoopbackState.addTransition,antlr4.atn.ATNState.StarLoopbackState.addTransition,,antlr4,14,0.000105,0,0
antlr4.atn.ATNSimulator.ATNSimulator,antlr4.atn.ATNSimulator.ATNSimulator,,antlr4,1,0.000104,0,0
antlr4.atn.ATNState.StarBlockStartState.addTransition,antlr4.atn.ATNState.StarBlockStartState.addTransition,,antlr4,14,0.000104,0,0
antlr4.ParserRuleContext.RelationContext.getChild,antlr4.ParserRuleContext.RelationContext.getChild,,antlr4,2,0.000105,0,0
antlr4.ParserRuleContext.MpContext.getChildren,antlr4.ParserRuleContext.MpContext.getChildren,,antlr4,18,0.000102,0,0
antlr4.ParserRuleContext.ExpContext.getChild,antlr4.ParserRuleContext.ExpContext.getChild,,antlr4,2,0.0001,0,0
antlr4.ParserRuleContext.UnaryContext.getToken,antlr4.ParserRuleContext.UnaryContext.getToken,,antlr4,2,0.0001,0,0
sympy.parsing.latex._antlr.latexparser.PostfixContext.exp,sympy.parsing.latex._antlr.latexparser.PostfixContext.exp,,sympy,1,0.000096,0,0
sympy.core.facts.StdFactKB.deduce_all_facts,sympy.core.facts.StdFactKB.deduce_all_facts,,sympy,1,0.000095,0,0
sympy.parsing.latex._antlr.latexparser.UnaryContext.unary,sympy.parsing.latex._antlr.latexparser.UnaryContext.unary,,sympy,1,0.000093,0,0
sympy.parsing.latex._antlr.latexparser.CompContext.group,sympy.parsing.latex._antlr.latexparser.CompContext.group,,sympy,1,0.000093,0,0
antlr4.Recognizer.LaTeXParser.checkVersion,antlr4.Recognizer.LaTeXParser.checkVersion,,antlr4,1,0.000093,0,0
sympy.parsing.latex._antlr.latexparser.ExpContext.exp,sympy.parsing.latex._antlr.latexparser.ExpContext.exp,,sympy,1,0.000092,0,0
antlr4.atn.ATNState.PlusLoopbackState.addTransition,antlr4.atn.ATNState.PlusLoopbackState.addTransition,,antlr4,12,0.000091,0,0
sympy.parsing.latex._antlr.latexparser.AdditiveContext.mp,sympy.parsing.latex._antlr.latexparser.AdditiveContext.mp,,sympy,1,0.000092,0,0
sympy.parsing.latex._antlr.latexparser.AtomContext.subexpr,sympy.parsing.latex._antlr.latexparser.AtomContext.subexpr,,sympy,1,0.000092,0,0
sympy.parsing.latex._antlr.latexparser.ExprContext.additive,sympy.parsing.latex._antlr.latexparser.ExprContext.additive,,sympy,1,0.000091,0,0
antlr4.atn.ATNDeserializer.ATNDeserializer.checkVersion,antlr4.atn.ATNDeserializer.ATNDeserializer.checkVersion,,antlr4,2,0.00009,0,0
sympy.parsing.latex._antlr.latexparser.CompContext.abs_group,sympy.parsing.latex._antlr.latexparser.CompContext.abs_group,,sympy,1,0.000088,0,0
antlr4.Lexer.LaTeXLexer.__init__,antlr4.Lexer.LaTeXLexer.__init__,,antlr4,1,0.000086,0,0
antlr4.atn.ATNDeserializer.ATNDeserializer.readModes,antlr4.atn.ATNDeserializer.ATNDeserializer.readModes,,antlr4,2,0.000086,0,0
antlr4.Lexer.Lexer,antlr4.Lexer.Lexer,,antlr4,1,0.000085,0,0
antlr4.atn.ATNState.BasicBlockStartState.__eq__,antlr4.atn.ATNState.BasicBlockStartState.__eq__,,antlr4,20,0.000085,0,0
sympy.parsing.latex._antlr.latexparser.MpContext.unary,sympy.parsing.latex._antlr.latexparser.MpContext.unary,,sympy,1,0.000085,0,0
sympy.parsing.latex._antlr.latexparser.ExpContext.comp,sympy.parsing.latex._antlr.latexparser.ExpContext.comp,,sympy,1,0.000085,0,0
antlr4.ParserRuleContext.MathContext.getChild,antlr4.ParserRuleContext.MathContext.getChild,,antlr4,1,0.000083,0,0
antlr4.atn.LexerATNSimulator.LexerATNSimulator.getExistingTargetState,antlr4.atn.LexerATNSimulator.LexerATNSimulator.getExistingTargetState,,antlr4,8,0.00008,0,0
antlr4.tree.Tree.TerminalNodeImpl.__init__,antlr4.tree.Tree.TerminalNodeImpl.__init__,,antlr4,1,0.000079,0,0
sympy.parsing.latex._antlr.latexparser.PostfixContext.postfix_op,sympy.parsing.latex._antlr.latexparser.PostfixContext.postfix_op,,sympy,1,0.000079,0,0
antlr4.BufferedTokenStream.CommonTokenStream.previousTokenOnChannel,antlr4.BufferedTokenStream.CommonTokenStream.previousTokenOnChannel,,antlr4,14,0.000077,0,0
antlr4.ParserRuleContext.PostfixContext.getTypedRuleContext,antlr4.ParserRuleContext.PostfixContext.getTypedRuleContext,,antlr4,1,0.000076,0,0
antlr4.dfa.DFAState.DFAState,antlr4.dfa.DFAState.DFAState,,antlr4,1,0.000074,0,0
sympy.parsing.latex._antlr.latexparser.AtomContext.LETTER,sympy.parsing.latex._antlr.latexparser.AtomContext.LETTER,,sympy,1,0.000075,0,0
antlr4.Parser.Parser,antlr4.Parser.Parser,,antlr4,1,0.000073,0,0
antlr4.ParserRuleContext.UnaryContext.getTypedRuleContext,antlr4.ParserRuleContext.UnaryContext.getTypedRuleContext,,antlr4,1,0.000073,0,0
antlr4.atn.ATNConfigSet.OrderedATNConfigSet.__iter__,antlr4.atn.ATNConfigSet.OrderedATNConfigSet.__iter__,,antlr4,16,0.000071,0,0
antlr4.ParserRuleContext.ExprContext.getTypedRuleContext,antlr4.ParserRuleContext.ExprContext.getTypedRuleContext,,antlr4,1,0.000071,0,0
antlr4.ParserRuleContext.AdditiveContext.getTypedRuleContext,antlr4.ParserRuleContext.AdditiveContext.getTypedRuleContext,,antlr4,1,0.000071,0,0
sympy.parsing.latex._antlr.latexparser.MpContext.MUL,sympy.parsing.latex._antlr.latexparser.MpContext.MUL,,sympy,1,0.000071,0,0
sympy.parsing.latex._antlr.latexparser.UnaryContext.ADD,sympy.parsing.latex._antlr.latexparser.UnaryContext.ADD,,sympy,1,0.000071,0,0
antlr4.ParserRuleContext.AtomContext.getTypedRuleContext,antlr4.ParserRuleContext.AtomContext.getTypedRuleContext,,antlr4,1,0.000071,0,0
antlr4.ParserRuleContext.ParserRuleContext.__init__,antlr4.ParserRuleContext.ParserRuleContext.__init__,,antlr4,1,0.00007,0,0
antlr4.atn.LexerAction.LexerSkipAction.__init__,antlr4.atn.LexerAction.LexerSkipAction.__init__,,antlr4,2,0.00007,0,0
sympy.core.symbol._sanitize,sympy.core.symbol._sanitize,,sympy,1,0.00007,0,0
sympy.parsing.latex._antlr.latexparser.MpContext.CMD_TIMES,sympy.parsing.latex._antlr.latexparser.MpContext.CMD_TIMES,,sympy,1,0.000069,0,0
sympy.parsing.latex._antlr.latexparser.MpContext.CMD_CDOT,sympy.parsing.latex._antlr.latexparser.MpContext.CMD_CDOT,,sympy,1,0.000069,0,0
sympy.parsing.latex._antlr.latexparser.MpContext.DIV,sympy.parsing.latex._antlr.latexparser.MpContext.DIV,,sympy,1,0.000069,0,0
sympy.parsing.latex._antlr.latexparser.MpContext.CMD_DIV,sympy.parsing.latex._antlr.latexparser.MpContext.CMD_DIV,,sympy,1,0.000069,0,0
sympy.parsing.latex._antlr.latexparser.MpContext.COLON,sympy.parsing.latex._antlr.latexparser.MpContext.COLON,,sympy,1,0.000069,0,0
sympy.parsing.latex._antlr.latexparser.UnaryContext.SUB,sympy.parsing.latex._antlr.latexparser.UnaryContext.SUB,,sympy,1,0.000069,0,0
_write_atomic,_write_atomic,,_write_atomic,1,0.000068,0,0
antlr4.InputStream.InputStream._loadString,antlr4.InputStream.InputStream._loadString,,antlr4,1,0.000068,0,0
sympy.parsing.latex._antlr.latexparser.AdditiveContext.SUB,sympy.parsing.latex._antlr.latexparser.AdditiveContext.SUB,,sympy,1,0.000068,0,0
sympy.parsing.latex._antlr.latexparser.MathContext.__init__,sympy.parsing.latex._antlr.latexparser.MathContext.__init__,,sympy,1,0.000065,0,0
sympy.parsing.latex._antlr.latexparser.RelationContext.__init__,sympy.parsing.latex._antlr.latexparser.RelationContext.__init__,,sympy,1,0.000065,0,0
sympy.parsing.latex._antlr.latexparser.PostfixContext.__init__,sympy.parsing.latex._antlr.latexparser.PostfixContext.__init__,,sympy,1,0.000064,0,0
antlr4.CommonTokenStream.CommonTokenStream.__init__,antlr4.CommonTokenStream.CommonTokenStream.__init__,,antlr4,1,0.000063,0,0
sympy.parsing.latex._antlr.latexparser.AtomContext.__init__,sympy.parsing.latex._antlr.latexparser.AtomContext.__init__,,sympy,1,0.000063,0,0
antlr4.atn.ATNDeserializer.ATNDeserializer.lexerActionFactory,antlr4.atn.ATNDeserializer.ATNDeserializer.lexerActionFactory,,antlr4,1,0.000062,0,0
sympy.parsing.latex._antlr.latexparser.CompContext.__init__,sympy.parsing.latex._antlr.latexparser.CompContext.__init__,,sympy,1,0.000062,0,0
antlr4.PredictionContext.PredictionContextFromRuleContext,antlr4.PredictionContext.PredictionContextFromRuleContext,,antlr4,8,0.000062,0,0
antlr4.atn.LexerATNSimulator.LexerATNSimulator.accept,antlr4.atn.LexerATNSimulator.LexerATNSimulator.accept,,antlr4,1,0.000062,0,0
sympy.parsing.latex._antlr.latexparser.ExprContext.__init__,sympy.parsing.latex._antlr.latexparser.ExprContext.__init__,,sympy,1,0.000061,0,0
sympy.parsing.latex._antlr.latexparser.MpContext.__init__,sympy.parsing.latex._antlr.latexparser.MpContext.__init__,,sympy,1,0.000061,0,0
sympy.parsing.latex._antlr.latexparser.AdditiveContext.__init__,sympy.parsing.latex._antlr.latexparser.AdditiveContext.__init__,,sympy,1,0.000061,0,0
sympy.parsing.latex._antlr.latexparser.UnaryContext.__init__,sympy.parsing.latex._antlr.latexparser.UnaryContext.__init__,,sympy,1,0.00006,0,0
sympy.parsing.latex._antlr.latexparser.ExpContext.__init__,sympy.parsing.latex._antlr.latexparser.ExpContext.__init__,,sympy,1,0.00006,0,0
antlr4.atn.LexerATNSimulator.SimState.__init__,antlr4.atn.LexerATNSimulator.SimState.__init__,,antlr4,1,0.000059,0,0
antlr4.atn.ParserATNSimulator.ParserATNSimulator.getExistingTargetState,antlr4.atn.ParserATNSimulator.ParserATNSimulator.getExistingTargetState,,antlr4,9,0.000058,0,0
antlr4.ParserRuleContext.PostfixContext.getChild,antlr4.ParserRuleContext.PostfixContext.getChild,,antlr4,1,0.000056,0,0
antlr4.error.ErrorStrategy.DefaultErrorStrategy.reset,antlr4.error.ErrorStrategy.DefaultErrorStrategy.reset,,antlr4,1,0.000055,0,0
antlr4.ParserRuleContext.UnaryContext.getTypedRuleContexts,antlr4.ParserRuleContext.UnaryContext.getTypedRuleContexts,,antlr4,1,0.000056,0,0
antlr4.ParserRuleContext.PostfixContext.getTypedRuleContexts,antlr4.ParserRuleContext.PostfixContext.getTypedRuleContexts,,antlr4,1,0.000056,0,0
antlr4.Parser.LaTeXParser.setTrace,antlr4.Parser.LaTeXParser.setTrace,,antlr4,1,0.000054,0,0
ExtensionFileLoader.exec_module,ExtensionFileLoader.exec_module,,ExtensionFileLoader,1,0.000053,0,0
antlr4.dfa.DFA.DFA.setPrecedenceStartState,antlr4.dfa.DFA.DFA.setPrecedenceStartState,,antlr4,4,0.000053,0,0
antlr4.ParserRuleContext.UnaryContext.getChild,antlr4.ParserRuleContext.UnaryContext.getChild,,antlr4,1,0.000053,0,0
antlr4.atn.LexerATNSimulator.LexerATNSimulator,antlr4.atn.LexerATNSimulator.LexerATNSimulator,,antlr4,1,0.000052,0,0
uuid.UUID.__eq__,uuid.UUID.__eq__,,uuid,10,0.000052,0,0
antlr4.ParserRuleContext.ExprContext.getChild,antlr4.ParserRuleContext.ExprContext.getChild,,antlr4,1,0.000051,0,0
antlr4.ParserRuleContext.AdditiveContext.getChild,antlr4.ParserRuleContext.AdditiveContext.getChild,,antlr4,1,0.000051,0,0
antlr4.ParserRuleContext.AtomContext.getChild,antlr4.ParserRuleContext.AtomContext.getChild,,antlr4,1,0.000052,0,0
antlr4.Parser.LaTeXParser.getCurrentToken,antlr4.Parser.LaTeXParser.getCurrentToken,,antlr4,1,0.00005,0,0
_calc_mode,_calc_mode,,_calc_mode,1,0.000049,0,0
antlr4.LL1Analyzer.LL1Analyzer.__init__,antlr4.LL1Analyzer.LL1Analyzer.__init__,,antlr4,11,0.000047,0,0
antlr4.error.ErrorStrategy.DefaultErrorStrategy.inErrorRecoveryMode,antlr4.error.ErrorStrategy.DefaultErrorStrategy.inErrorRecoveryMode,,antlr4,12,0.000046,0,0
antlr4.ParserRuleContext.AtomContext.getChildren,antlr4.ParserRuleContext.AtomContext.getChildren,,antlr4,8,0.000045,0,0
antlr4.atn.ATNState.PlusBlockStartState.addTransition,antlr4.atn.ATNState.PlusBlockStartState.addTransition,,antlr4,6,0.000044,0,0
antlr4.ParserRuleContext.UnaryContext.getChildren,antlr4.ParserRuleContext.UnaryContext.getChildren,,antlr4,8,0.000045,0,0
antlr4.ParserRuleContext.CompContext.getChildren,antlr4.ParserRuleContext.CompContext.getChildren,,antlr4,8,0.000045,0,0
antlr4.atn.ParserATNSimulator.ParserATNSimulator.__init__,antlr4.atn.ParserATNSimulator.ParserATNSimulator.__init__,,antlr4,1,0.000044,0,0
enum._EnumDict.__init__,enum._EnumDict.__init__,,enum,4,0.000043,0,0
enum.<dictcomp>,enum.<dictcomp>,,enum,4,0.000043,0,0
antlr4.error.ErrorStrategy.DefaultErrorStrategy,antlr4.error.ErrorStrategy.DefaultErrorStrategy,,antlr4,1,0.000043,0,0
antlr4.Parser.LaTeXParser.getTokenStream,antlr4.Parser.LaTeXParser.getTokenStream,,antlr4,12,0.000043,0,0
antlr4.Parser.LaTeXParser.getPrecedence,antlr4.Parser.LaTeXParser.getPrecedence,,antlr4,8,0.000043,0,0
uuid.UUID,uuid.UUID,,uuid,1,0.000042,0,0
antlr4.PredictionContext.ArrayPredictionContext.__len__,antlr4.PredictionContext.ArrayPredictionContext.__len__,,antlr4,11,0.000042,0,0
antlr4.Recognizer.LaTeXLexer.extractVersion,antlr4.Recognizer.LaTeXLexer.extractVersion,,antlr4,2,0.000041,0,0
antlr4.InputStream.InputStream.index,antlr4.InputStream.InputStream.index,,antlr4,11,0.00004,0,0
antlr4.atn.ATNConfigSet.ATNConfigSet.__len__,antlr4.atn.ATNConfigSet.ATNConfigSet.__len__,,antlr4,10,0.000041,0,0
antlr4.ParserRuleContext.MathContext.__init__,antlr4.ParserRuleContext.MathContext.__init__,,antlr4,1,0.000039,0,0
antlr4.ParserRuleContext.RelationContext.__init__,antlr4.ParserRuleContext.RelationContext.__init__,,antlr4,1,0.000039,0,0
antlr4.ParserRuleContext.PostfixContext.__init__,antlr4.ParserRuleContext.PostfixContext.__init__,,antlr4,1,0.000039,0,0
antlr4.Utils.<module>,antlr4.Utils.<module>,,antlr4,1,0.000038,0,0
sympy.parsing.latex._antlr.latexparser.FuncContext,sympy.parsing.latex._antlr.latexparser.FuncContext,,sympy,1,0.000039,0,0
sympy.parsing.latex._antlr.latexparser.Func_normalContext,sympy.parsing.latex._antlr.latexparser.Func_normalContext,,sympy,1,0.000037,0,0
antlr4.ParserRuleContext.AtomContext.__init__,antlr4.ParserRuleContext.AtomContext.__init__,,antlr4,1,0.000038,0,0
antlr4.BufferedTokenStream.BufferedTokenStream,antlr4.BufferedTokenStream.BufferedTokenStream,,antlr4,1,0.000036,0,0
enum.<genexpr>,enum.<genexpr>,,enum,6,0.000037,0,0
antlr4.atn.ATNState.ATNState,antlr4.atn.ATNState.ATNState,,antlr4,1,0.000037,0,0
antlr4.ParserRuleContext.ExprContext.__init__,antlr4.ParserRuleContext.ExprContext.__init__,,antlr4,1,0.000037,0,0
antlr4.ParserRuleContext.AdditiveContext.__init__,antlr4.ParserRuleContext.AdditiveContext.__init__,,antlr4,1,0.000037,0,0
antlr4.ParserRuleContext.MpContext.__init__,antlr4.ParserRuleContext.MpContext.__init__,,antlr4,1,0.000037,0,0
antlr4.ParserRuleContext.CompContext.__init__,antlr4.ParserRuleContext.CompContext.__init__,,antlr4,1,0.000037,0,0
antlr4.atn.LexerAction.LexerPopModeAction.__init__,antlr4.atn.LexerAction.LexerPopModeAction.__init__,,antlr4,2,0.000036,0,0
antlr4.ParserRuleContext.UnaryContext.__init__,antlr4.ParserRuleContext.UnaryContext.__init__,,antlr4,1,0.000036,0,0
antlr4.ParserRuleContext.ExpContext.__init__,antlr4.ParserRuleContext.ExpContext.__init__,,antlr4,1,0.000036,0,0
antlr4.ParserRuleContext.AdditiveContext.getChildren,antlr4.ParserRuleContext.AdditiveContext.getChildren,,antlr4,6,0.000036,0,0
antlr4.InputStream.InputStream.consume,antlr4.InputStream.InputStream.consume,,antlr4,7,0.000036,0,0
antlr4.atn.LexerAction.LexerMoreAction.__init__,antlr4.atn.LexerAction.LexerMoreAction.__init__,,antlr4,2,0.000035,0,0
antlr4.BufferedTokenStream.CommonTokenStream.release,antlr4.BufferedTokenStream.CommonTokenStream.release,,antlr4,8,0.000034,0,0
antlr4.atn.ATN.ATN.__init__,antlr4.atn.ATN.ATN.__init__,,antlr4,2,0.000034,0,0
antlr4.Recognizer.LaTeXParser.extractVersion,antlr4.Recognizer.LaTeXParser.extractVersion,,antlr4,2,0.000032,0,0
antlr4.atn.ATNConfigSet.OrderedATNConfigSet.__len__,antlr4.atn.ATNConfigSet.OrderedATNConfigSet.__len__,,antlr4,8,0.000032,0,0
typing._is_dunder,typing._is_dunder,,typing,7,0.000031,0,0
antlr4.PredictionContext.SingletonPredictionContext.getReturnState,antlr4.PredictionContext.SingletonPredictionContext.getReturnState,,antlr4,8,0.000031,0,0
antlr4.Recognizer.Recognizer,antlr4.Recognizer.Recognizer,,antlr4,1,0.00003,0,0
antlr4.atn.ATNDeserializationOptions.ATNDeserializationOptions.__setattr__,antlr4.atn.ATNDeserializationOptions.ATNDeserializationOptions.__setattr__,,antlr4,4,0.00003,0,0
antlr4.BufferedTokenStream.CommonTokenStream.mark,antlr4.BufferedTokenStream.CommonTokenStream.mark,,antlr4,8,0.00003,0,0
antlr4.RuleContext.RuleContext,antlr4.RuleContext.RuleContext,,antlr4,1,0.000029,0,0
antlr4.ParserRuleContext.ParserRuleContext,antlr4.ParserRuleContext.ParserRuleContext,,antlr4,1,0.000028,0,0
typing._type_check,typing._type_check,,typing,1,0.000029,0,0
antlr4.atn.ATNState.RuleStopState.__eq__,antlr4.atn.ATNState.RuleStopState.__eq__,,antlr4,7,0.000028,0,0
antlr4.tree.Trees.Trees,antlr4.tree.Trees.Trees,,antlr4,1,0.000028,0,0
antlr4.atn.ATNConfigSet.OrderedATNConfigSet.setReadonly,antlr4.atn.ATNConfigSet.OrderedATNConfigSet.setReadonly,,antlr4,4,0.000027,0,0
antlr4.error.ErrorStrategy.DefaultErrorStrategy.reportMatch,antlr4.error.ErrorStrategy.DefaultErrorStrategy.reportMatch,,antlr4,1,0.000028,0,0
antlr4.dfa.DFA.DFA.getPrecedenceStartState,antlr4.dfa.DFA.DFA.getPrecedenceStartState,,antlr4,4,0.000026,0,0
antlr4.atn.Transition.Transition,antlr4.atn.Transition.Transition,,antlr4,1,0.000026,0,0
antlr4.atn.ATNConfigSet.ATNConfigSet,antlr4.atn.ATNConfigSet.ATNConfigSet,,antlr4,1,0.000026,0,0
sympy.parsing.latex._antlr.latexparser.Limit_subContext,sympy.parsing.latex._antlr.latexparser.Limit_subContext,,sympy,1,0.000026,0,0
antlr4.ParserRuleContext.RelationContext.getChildren,antlr4.ParserRuleContext.RelationContext.getChildren,,antlr4,4,0.000024,0,0
antlr4.atn.Transition.EpsilonTransition,antlr4.atn.Transition.EpsilonTransition,,antlr4,1,0.000024,0,0
antlr4.PredictionContext.EmptyPredictionContext.getReturnState,antlr4.PredictionContext.EmptyPredictionContext.getReturnState,,antlr4,6,0.000024,0,0
antlr4.atn.ATNState.LoopEndState.__eq__,antlr4.atn.ATNState.LoopEndState.__eq__,,antlr4,6,0.000024,0,0
antlr4.ParserRuleContext.PostfixContext.getChildren,antlr4.ParserRuleContext.PostfixContext.getChildren,,antlr4,4,0.000024,0,0
antlr4.ParserRuleContext.ExpContext.getChildren,antlr4.ParserRuleContext.ExpContext.getChildren,,antlr4,4,0.000024,0,0
antlr4.InputStream.InputStream,antlr4.InputStream.InputStream,,antlr4,1,0.000023,0,0
antlr4.PredictionContext.SingletonPredictionContext,antlr4.PredictionContext.SingletonPredictionContext,,antlr4,1,0.000023,0,0
antlr4.Lexer.LaTeXLexer.getCharIndex,antlr4.Lexer.LaTeXLexer.getCharIndex,,antlr4,1,0.000023,0,0
antlr4.Parser.LaTeXParser.getInputStream,antlr4.Parser.LaTeXParser.getInputStream,,antlr4,1,0.000023,0,0
antlr4.atn.SemanticContext.andContext,antlr4.atn.SemanticContext.andContext,,antlr4,4,0.000023,0,0
antlr4.Token.Token,antlr4.Token.Token,,antlr4,1,0.000022,0,0
antlr4.PredictionContext.EmptyPredictionContext.__len__,antlr4.PredictionContext.EmptyPredictionContext.__len__,,antlr4,6,0.000022,0,0
antlr4.IntervalSet.IntervalSet,antlr4.IntervalSet.IntervalSet,,antlr4,1,0.000022,0,0
antlr4.tree.ParseTreePatternMatcher.ParseTreePatternMatcher,antlr4.tree.ParseTreePatternMatcher.ParseTreePatternMatcher,,antlr4,1,0.000022,0,0
antlr4.atn.ATNState.StarLoopEntryState.__eq__,antlr4.atn.ATNState.StarLoopEntryState.__eq__,,antlr4,5,0.000021,0,0
antlr4.tree.Tree.TerminalNodeImpl,antlr4.tree.Tree.TerminalNodeImpl,,antlr4,1,0.000021,0,0
antlr4.IntervalSet.TestIntervalSet,antlr4.IntervalSet.TestIntervalSet,,antlr4,1,0.000021,0,0
antlr4.atn.ATNState.StarBlockStartState.__eq__,antlr4.atn.ATNState.StarBlockStartState.__eq__,,antlr4,5,0.00002,0,0
antlr4.Token.CommonToken,antlr4.Token.CommonToken,,antlr4,1,0.000019,0,0
_w_long,_w_long,,_w_long,3,0.000019,0,0
antlr4.dfa.DFA.DFA,antlr4.dfa.DFA.DFA,,antlr4,1,0.000019,0,0
antlr4.error.DiagnosticErrorListener.DiagnosticErrorListener,antlr4.error.DiagnosticErrorListener.DiagnosticErrorListener,,antlr4,1,0.000018,0,0
sympy.parsing.latex._antlr.latexparser.UnaryContext,sympy.parsing.latex._antlr.latexparser.UnaryContext,,sympy,1,0.000019,0,0
sympy.parsing.latex._antlr.latexparser.Comp_nofuncContext,sympy.parsing.latex._antlr.latexparser.Comp_nofuncContext,,sympy,1,0.000019,0,0
antlr4.tree.Tree.TerminalNodeImpl.__setattr__,antlr4.tree.Tree.TerminalNodeImpl.__setattr__,,antlr4,3,0.000018,0,0
antlr4.atn.ATN.ATN,antlr4.atn.ATN.ATN,,antlr4,1,0.000018,0,0
antlr4.atn.SemanticContext.PrecedencePredicate.__init__,antlr4.atn.SemanticContext.PrecedencePredicate.__init__,,antlr4,4,0.000018,0,0
sympy.parsing.latex._antlr.latexparser.MpContext,sympy.parsing.latex._antlr.latexparser.MpContext,,sympy,1,0.000017,0,0
sympy.parsing.latex._antlr.latexparser.Mp_nofuncContext,sympy.parsing.latex._antlr.latexparser.Mp_nofuncContext,,sympy,1,0.000017,0,0
sympy.parsing.latex._antlr.latexparser.ExpContext,sympy.parsing.latex._antlr.latexparser.ExpContext,,sympy,1,0.000017,0,0
sympy.parsing.latex._antlr.latexparser.Exp_nofuncContext,sympy.parsing.latex._antlr.latexparser.Exp_nofuncContext,,sympy,1,0.000017,0,0
antlr4.Parser.LaTeXParser.precpred,antlr4.Parser.LaTeXParser.precpred,,antlr4,4,0.000017,0,0
antlr4.PredictionContext.PredictionContext,antlr4.PredictionContext.PredictionContext,,antlr4,1,0.000016,0,0
antlr4.PredictionContext.ArrayPredictionContext,antlr4.PredictionContext.ArrayPredictionContext,,antlr4,1,0.000016,0,0
antlr4.atn.ATNConfig.LexerATNConfig,antlr4.atn.ATNConfig.LexerATNConfig,,antlr4,1,0.000016,0,0
sympy.parsing.latex._antlr.latexparser.RelationContext,sympy.parsing.latex._antlr.latexparser.RelationContext,,sympy,1,0.000016,0,0
sympy.parsing.latex._antlr.latexparser.GroupContext,sympy.parsing.latex._antlr.latexparser.GroupContext,,sympy,1,0.000016,0,0
antlr4.atn.LexerATNSimulator.SimState.reset,antlr4.atn.LexerATNSimulator.SimState.reset,,antlr4,2,0.000016,0,0
typing.<genexpr>,typing.<genexpr>,,typing,3,0.000015,0,0
antlr4.atn.ATNDeserializer.ATNDeserializer.__init__,antlr4.atn.ATNDeserializer.ATNDeserializer.__init__,,antlr4,2,0.000015,0,0
sympy.parsing.latex._antlr.latexparser.AtomContext,sympy.parsing.latex._antlr.latexparser.AtomContext,,sympy,1,0.000015,0,0
antlr4.atn.Transition.RangeTransition,antlr4.atn.Transition.RangeTransition,,antlr4,1,0.000014,0,0
antlr4.atn.LexerActionExecutor.LexerActionExecutor,antlr4.atn.LexerActionExecutor.LexerActionExecutor,,antlr4,1,0.000014,0,0
antlr4.LL1Analyzer.LL1Analyzer,antlr4.LL1Analyzer.LL1Analyzer,,antlr4,1,0.000015,0,0
antlr4.atn.SemanticContext.PrecedencePredicate.__hash__,antlr4.atn.SemanticContext.PrecedencePredicate.__hash__,,antlr4,4,0.000015,0,0
antlr4.atn.Transition.ActionTransition,antlr4.atn.Transition.ActionTransition,,antlr4,1,0.000014,0,0
antlr4.CommonTokenStream.CommonTokenStream,antlr4.CommonTokenStream.CommonTokenStream,,antlr4,1,0.000014,0,0
antlr4.ListTokenSource.ListTokenSource,antlr4.ListTokenSource.ListTokenSource,,antlr4,1,0.000014,0,0
sympy.parsing.latex._antlr.latexparser.Unary_nofuncContext,sympy.parsing.latex._antlr.latexparser.Unary_nofuncContext,,sympy,1,0.000014,0,0
sympy.parsing.latex._antlr.latexparser.Eval_at_subContext,sympy.parsing.latex._antlr.latexparser.Eval_at_subContext,,sympy,1,0.000014,0,0
sympy.parsing.latex._antlr.latexparser.Eval_at_supContext,sympy.parsing.latex._antlr.latexparser.Eval_at_supContext,,sympy,1,0.000014,0,0
sympy.parsing.latex._antlr.latexparser.CompContext,sympy.parsing.latex._antlr.latexparser.CompContext,,sympy,1,0.000014,0,0
sympy.parsing.latex._antlr.latexparser.SupexprContext,sympy.parsing.latex._antlr.latexparser.SupexprContext,,sympy,1,0.000014,0,0
antlr4.InputStream.<listcomp>,antlr4.InputStream.<listcomp>,,antlr4,1,0.000014,0,0
sympy.parsing.latex._antlr.latexparser.FracContext,sympy.parsing.latex._antlr.latexparser.FracContext,,sympy,1,0.000013,0,0
sympy.parsing.latex._antlr.latexparser.SubexprContext,sympy.parsing.latex._antlr.latexparser.SubexprContext,,sympy,1,0.000013,0,0
antlr4.error.ErrorStrategy.DefaultErrorStrategy.endErrorCondition,antlr4.error.ErrorStrategy.DefaultErrorStrategy.endErrorCondition,,antlr4,2,0.000013,0,0
antlr4.atn.ATNState.PlusBlockStartState.__eq__,antlr4.atn.ATNState.PlusBlockStartState.__eq__,,antlr4,3,0.000013,0,0
antlr4.ParserRuleContext.MathContext.addChild,antlr4.ParserRuleContext.MathContext.addChild,,antlr4,1,0.000013,0,0
antlr4.ParserRuleContext.MathContext.getChildren,antlr4.ParserRuleContext.MathContext.getChildren,,antlr4,2,0.000013,0,0
sympy.core.logic.fuzzy_bool,sympy.core.logic.fuzzy_bool,,sympy,2,0.000013,0,0
antlr4.error.<module>,antlr4.error.<module>,,antlr4,3,0.000013,0,0
antlr4.atn.SemanticContext.PrecedencePredicate,antlr4.atn.SemanticContext.PrecedencePredicate,,antlr4,1,0.000012,0,0
antlr4.atn.SemanticContext.AND,antlr4.atn.SemanticContext.AND,,antlr4,1,0.000013,0,0
antlr4.atn.SemanticContext.OR,antlr4.atn.SemanticContext.OR,,antlr4,1,0.000012,0,0
antlr4.atn.LexerAction.LexerTypeAction,antlr4.atn.LexerAction.LexerTypeAction,,antlr4,1,0.000012,0,0
antlr4.atn.LexerAction.LexerPushModeAction,antlr4.atn.LexerAction.LexerPushModeAction,,antlr4,1,0.000012,0,0
antlr4.atn.LexerAction.LexerModeAction,antlr4.atn.LexerAction.LexerModeAction,,antlr4,1,0.000012,0,0
antlr4.atn.ATNConfig.ATNConfig,antlr4.atn.ATNConfig.ATNConfig,,antlr4,1,0.000012,0,0
antlr4.error.ErrorStrategy.ErrorStrategy,antlr4.error.ErrorStrategy.ErrorStrategy,,antlr4,1,0.000012,0,0
typing._collect_type_vars,typing._collect_type_vars,,typing,1,0.000012,0,0
sympy.parsing.latex._antlr.latexparser.AdditiveContext,sympy.parsing.latex._antlr.latexparser.AdditiveContext,,sympy,1,0.000012,0,0
sympy.parsing.latex._antlr.latexparser.MathitContext,sympy.parsing.latex._antlr.latexparser.MathitContext,,sympy,1,0.000012,0,0
sympy.parsing.latex._antlr.latexparser.SubeqContext,sympy.parsing.latex._antlr.latexparser.SubeqContext,,sympy,1,0.000013,0,0
sympy.parsing.latex._antlr.latexparser.SupeqContext,sympy.parsing.latex._antlr.latexparser.SupeqContext,,sympy,1,0.000012,0,0
antlr4.InputStream.InputStream.mark,antlr4.InputStream.InputStream.mark,,antlr4,3,0.000013,0,0
antlr4.Lexer.LaTeXLexer.line,antlr4.Lexer.LaTeXLexer.line,,antlr4,3,0.000012,0,0
antlr4.Lexer.LaTeXLexer.column,antlr4.Lexer.LaTeXLexer.column,,antlr4,3,0.000013,0,0
antlr4.atn.ATNState.BlockEndState.__eq__,antlr4.atn.ATNState.BlockEndState.__eq__,,antlr4,3,0.000012,0,0
antlr4.ParserRuleContext.ExprContext.getChildren,antlr4.ParserRuleContext.ExprContext.getChildren,,antlr4,2,0.000012,0,0
sympy.core.basic.__new__,sympy.core.basic.__new__,,sympy,1,0.000013,0,0
antlr4.tree.Tree.ParseTreeVisitor,antlr4.tree.Tree.ParseTreeVisitor,,antlr4,1,0.000012,0,0
antlr4.error.ErrorListener.ProxyErrorListener,antlr4.error.ErrorListener.ProxyErrorListener,,antlr4,1,0.000012,0,0
antlr4.atn.SemanticContext.Predicate,antlr4.atn.SemanticContext.Predicate,,antlr4,1,0.000011,0,0
antlr4.atn.Transition.AtomTransition,antlr4.atn.Transition.AtomTransition,,antlr4,1,0.000012,0,0
antlr4.PredictionContext.EmptyPredictionContext,antlr4.PredictionContext.EmptyPredictionContext,,antlr4,1,0.000011,0,0
antlr4.atn.LexerAction.LexerChannelAction,antlr4.atn.LexerAction.LexerChannelAction,,antlr4,1,0.000012,0,0
sympy.parsing.latex._antlr.latexparser.Eval_atContext,sympy.parsing.latex._antlr.latexparser.Eval_atContext,,sympy,1,0.000011,0,0
antlr4.InputStream.InputStream.release,antlr4.InputStream.InputStream.release,,antlr4,3,0.000012,0,0
antlr4.RuleContext.ParserRuleContext.__init__,antlr4.RuleContext.ParserRuleContext.__init__,,antlr4,1,0.000011,0,0
antlr4.CommonTokenFactory.CommonTokenFactory,antlr4.CommonTokenFactory.CommonTokenFactory,,antlr4,1,0.000011,0,0
antlr4.atn.Transition.PredicateTransition,antlr4.atn.Transition.PredicateTransition,,antlr4,1,0.000011,0,0
antlr4.atn.Transition.PrecedencePredicateTransition,antlr4.atn.Transition.PrecedencePredicateTransition,,antlr4,1,0.000011,0,0
antlr4.atn.LexerAction.LexerSkipAction,antlr4.atn.LexerAction.LexerSkipAction,,antlr4,1,0.000011,0,0
antlr4.atn.LexerAction.LexerCustomAction,antlr4.atn.LexerAction.LexerCustomAction,,antlr4,1,0.000011,0,0
antlr4.atn.LexerAction.LexerIndexedCustomAction,antlr4.atn.LexerAction.LexerIndexedCustomAction,,antlr4,1,0.000011,0,0
antlr4.Parser.TraceListener,antlr4.Parser.TraceListener,,antlr4,1,0.00001,0,0
antlr4.atn.ATNType.fromOrdinal,antlr4.atn.ATNType.fromOrdinal,,antlr4,2,0.000011,0,0
antlr4.PredictionContext.PredictionContextCache.__init__,antlr4.PredictionContext.PredictionContextCache.__init__,,antlr4,2,0.000011,0,0
sympy.parsing.latex._antlr.latexparser.EqualityContext,sympy.parsing.latex._antlr.latexparser.EqualityContext,,sympy,1,0.00001,0,0
antlr4.FileStream.FileStream,antlr4.FileStream.FileStream,,antlr4,1,0.00001,0,0
antlr4.tree.Tree.ParseTreeListener,antlr4.tree.Tree.ParseTreeListener,,antlr4,1,0.00001,0,0
antlr4.tree.Tree.ParseTreeWalker,antlr4.tree.Tree.ParseTreeWalker,,antlr4,1,0.00001,0,0
antlr4.atn.Transition.SetTransition,antlr4.atn.Transition.SetTransition,,antlr4,1,0.00001,0,0
antlr4.atn.Transition.WildcardTransition,antlr4.atn.Transition.WildcardTransition,,antlr4,1,0.00001,0,0
antlr4.atn.LexerAction.LexerPopModeAction,antlr4.atn.LexerAction.LexerPopModeAction,,antlr4,1,0.00001,0,0
antlr4.atn.LexerAction.LexerMoreAction,antlr4.atn.LexerAction.LexerMoreAction,,antlr4,1,0.00001,0,0
antlr4.atn.ATNDeserializationOptions.ATNDeserializationOptions,antlr4.atn.ATNDeserializationOptions.ATNDeserializationOptions,,antlr4,1,0.00001,0,0
antlr4.tree.TokenTagToken.TokenTagToken,antlr4.tree.TokenTagToken.TokenTagToken,,antlr4,1,0.00001,0,0
sympy.parsing.latex._antlr.latexparser.PostfixContext,sympy.parsing.latex._antlr.latexparser.PostfixContext,,sympy,1,0.00001,0,0
sympy.parsing.latex._antlr.latexparser.Postfix_nofuncContext,sympy.parsing.latex._antlr.latexparser.Postfix_nofuncContext,,sympy,1,0.00001,0,0
sympy.parsing.latex._antlr.latexparser.Postfix_opContext,sympy.parsing.latex._antlr.latexparser.Postfix_opContext,,sympy,1,0.00001,0,0
sympy.parsing.latex._antlr.latexparser.Abs_groupContext,sympy.parsing.latex._antlr.latexparser.Abs_groupContext,,sympy,1,0.00001,0,0
sympy.parsing.latex._antlr.latexparser.ArgsContext,sympy.parsing.latex._antlr.latexparser.ArgsContext,,sympy,1,0.00001,0,0
sympy.parsing.latex._antlr.latexparser.Func_argContext,sympy.parsing.latex._antlr.latexparser.Func_argContext,,sympy,1,0.00001,0,0
antlr4.error.ErrorStrategy.DefaultErrorStrategy.__init__,antlr4.error.ErrorStrategy.DefaultErrorStrategy.__init__,,antlr4,1,0.00001,0,0
antlr4.RuleContext.MathContext.__init__,antlr4.RuleContext.MathContext.__init__,,antlr4,1,0.00001,0,0
antlr4.RuleContext.RelationContext.__init__,antlr4.RuleContext.RelationContext.__init__,,antlr4,1,0.00001,0,0
antlr4.RuleContext.PostfixContext.__init__,antlr4.RuleContext.PostfixContext.__init__,,antlr4,1,0.00001,0,0
antlr4.RuleContext.AtomContext.__init__,antlr4.RuleContext.AtomContext.__init__,,antlr4,1,0.00001,0,0
antlr4.tree.Tree.ErrorNodeImpl,antlr4.tree.Tree.ErrorNodeImpl,,antlr4,1,0.000009,0,0
antlr4.error.ErrorListener.ErrorListener,antlr4.error.ErrorListener.ErrorListener,,antlr4,1,0.00001,0,0
antlr4.error.Errors.RecognitionException,antlr4.error.Errors.RecognitionException,,antlr4,1,0.000009,0,0
antlr4.atn.SemanticContext.SemanticContext,antlr4.atn.SemanticContext.SemanticContext,,antlr4,1,0.000009,0,0
antlr4.atn.SemanticContext.Predicate.__init__,antlr4.atn.SemanticContext.Predicate.__init__,,antlr4,1,0.000009,0,0
antlr4.atn.Transition.NotSetTransition,antlr4.atn.Transition.NotSetTransition,,antlr4,1,0.000009,0,0
antlr4.PredictionContext.PredictionContextCache,antlr4.PredictionContext.PredictionContextCache,,antlr4,1,0.00001,0,0
antlr4.error.ErrorStrategy.BailErrorStrategy,antlr4.error.ErrorStrategy.BailErrorStrategy,,antlr4,1,0.000009,0,0
ExtensionFileLoader.__init__,ExtensionFileLoader.__init__,,ExtensionFileLoader,1,0.000009,0,0
sympy.parsing.latex._antlr.latexparser.MathContext,sympy.parsing.latex._antlr.latexparser.MathContext,,sympy,1,0.00001,0,0
sympy.parsing.latex._antlr.latexparser.ExprContext,sympy.parsing.latex._antlr.latexparser.ExprContext,,sympy,1,0.000009,0,0
sympy.parsing.latex._antlr.latexparser.Mathit_textContext,sympy.parsing.latex._antlr.latexparser.Mathit_textContext,,sympy,1,0.000009,0,0
sympy.parsing.latex._parse_latex_antlr.MathErrorListener,sympy.parsing.latex._parse_latex_antlr.MathErrorListener,,sympy,1,0.000009,0,0
sympy.parsing.latex._parse_latex_antlr.MathErrorListener.__init__,sympy.parsing.latex._parse_latex_antlr.MathErrorListener.__init__,,sympy,1,0.000009,0,0
antlr4.Recognizer.LaTeXLexer.__init__,antlr4.Recognizer.LaTeXLexer.__init__,,antlr4,1,0.000009,0,0
antlr4.BufferedTokenStream.CommonTokenStream.__init__,antlr4.BufferedTokenStream.CommonTokenStream.__init__,,antlr4,1,0.000009,0,0
antlr4.Lexer.LaTeXLexer.emitToken,antlr4.Lexer.LaTeXLexer.emitToken,,antlr4,2,0.000009,0,0
antlr4.RuleContext.ExprContext.__init__,antlr4.RuleContext.ExprContext.__init__,,antlr4,1,0.00001,0,0
antlr4.RuleContext.AdditiveContext.__init__,antlr4.RuleContext.AdditiveContext.__init__,,antlr4,1,0.000009,0,0
antlr4.RuleContext.MpContext.__init__,antlr4.RuleContext.MpContext.__init__,,antlr4,1,0.000009,0,0
antlr4.RuleContext.UnaryContext.__init__,antlr4.RuleContext.UnaryContext.__init__,,antlr4,1,0.000009,0,0
antlr4.RuleContext.ExpContext.__init__,antlr4.RuleContext.ExpContext.__init__,,antlr4,1,0.00001,0,0
antlr4.RuleContext.CompContext.__init__,antlr4.RuleContext.CompContext.__init__,,antlr4,1,0.000009,0,0
sympy.parsing.latex._antlr.<module>,sympy.parsing.latex._antlr.<module>,,sympy,2,0.000008,0,0
antlr4.error.Errors.LexerNoViableAltException,antlr4.error.Errors.LexerNoViableAltException,,antlr4,1,0.000008,0,0
antlr4.error.Errors.FailedPredicateException,antlr4.error.Errors.FailedPredicateException,,antlr4,1,0.000008,0,0
antlr4.atn.Transition.RuleTransition,antlr4.atn.Transition.RuleTransition,,antlr4,1,0.000009,0,0
antlr4.atn.LexerAction.LexerAction,antlr4.atn.LexerAction.LexerAction,,antlr4,1,0.000009,0,0
sympy.parsing.latex._antlr.latexparser.Func_arg_noparensContext,sympy.parsing.latex._antlr.latexparser.Func_arg_noparensContext,,sympy,1,0.000009,0,0
antlr4.StdinStream.StdinStream,antlr4.StdinStream.StdinStream,,antlr4,1,0.000008,0,0
antlr4.error.Errors.UnsupportedOperationException,antlr4.error.Errors.UnsupportedOperationException,,antlr4,1,0.000007,0,0
antlr4.ParserRuleContext.InterpreterRuleContext,antlr4.ParserRuleContext.InterpreterRuleContext,,antlr4,1,0.000007,0,0
antlr4.error.Errors.NoViableAltException,antlr4.error.Errors.NoViableAltException,,antlr4,1,0.000008,0,0
antlr4.dfa.DFAState.PredPrediction,antlr4.dfa.DFAState.PredPrediction,,antlr4,1,0.000008,0,0
typing._VariadicGenericAlias.__hash__,typing._VariadicGenericAlias.__hash__,,typing,1,0.000007,0,0
antlr4.tree.RuleTagToken.RuleTagToken,antlr4.tree.RuleTagToken.RuleTagToken,,antlr4,1,0.000008,0,0
antlr4.atn.ATNSimulator.LexerATNSimulator.__init__,antlr4.atn.ATNSimulator.LexerATNSimulator.__init__,,antlr4,1,0.000007,0,0
antlr4.Recognizer.LaTeXParser.__init__,antlr4.Recognizer.LaTeXParser.__init__,,antlr4,1,0.000008,0,0
antlr4.ParserRuleContext.RelationContext.addChild,antlr4.ParserRuleContext.RelationContext.addChild,,antlr4,1,0.000008,0,0
antlr4.ParserRuleContext.UnaryContext.addChild,antlr4.ParserRuleContext.UnaryContext.addChild,,antlr4,1,0.000008,0,0
antlr4.ParserRuleContext.CompContext.addChild,antlr4.ParserRuleContext.CompContext.addChild,,antlr4,1,0.000007,0,0
antlr4.ParserRuleContext.AtomContext.addChild,antlr4.ParserRuleContext.AtomContext.addChild,,antlr4,1,0.000008,0,0
antlr4.ParserRuleContext.PostfixContext.addChild,antlr4.ParserRuleContext.PostfixContext.addChild,,antlr4,1,0.000007,0,0
antlr4.ParserRuleContext.AdditiveContext.addChild,antlr4.ParserRuleContext.AdditiveContext.addChild,,antlr4,1,0.000008,0,0
antlr4.ParserRuleContext.ExprContext.addChild,antlr4.ParserRuleContext.ExprContext.addChild,,antlr4,1,0.000008,0,0
antlr4.InputStream.InputStream.getText,antlr4.InputStream.InputStream.getText,,antlr4,1,0.000008,0,0
antlr4.error.Errors.IllegalStateException,antlr4.error.Errors.IllegalStateException,,antlr4,1,0.000007,0,0
antlr4.error.Errors.CancellationException,antlr4.error.Errors.CancellationException,,antlr4,1,0.000007,0,0
antlr4.error.ErrorListener.ConsoleErrorListener,antlr4.error.ErrorListener.ConsoleErrorListener,,antlr4,1,0.000007,0,0
antlr4.atn.Transition.AbstractPredicateTransition,antlr4.atn.Transition.AbstractPredicateTransition,,antlr4,1,0.000007,0,0
antlr4.atn.ATNState.BasicState,antlr4.atn.ATNState.BasicState,,antlr4,1,0.000007,0,0
antlr4.atn.ATNConfigSet.OrderedATNConfigSet,antlr4.atn.ATNConfigSet.OrderedATNConfigSet,,antlr4,1,0.000007,0,0
antlr4.atn.LexerATNSimulator.SimState,antlr4.atn.LexerATNSimulator.SimState,,antlr4,1,0.000007,0,0
antlr4.tree.Chunk.TagChunk,antlr4.tree.Chunk.TagChunk,,antlr4,1,0.000007,0,0
antlr4.tree.Chunk.TextChunk,antlr4.tree.Chunk.TextChunk,,antlr4,1,0.000007,0,0
antlr4.tree.ParseTreePatternMatcher.CannotInvokeStartRule,antlr4.tree.ParseTreePatternMatcher.CannotInvokeStartRule,,antlr4,1,0.000007,0,0
antlr4.InputStream.InputStream.seek,antlr4.InputStream.InputStream.seek,,antlr4,1,0.000007,0,0
antlr4.ParserRuleContext.MpContext.addChild,antlr4.ParserRuleContext.MpContext.addChild,,antlr4,1,0.000007,0,0
antlr4.ParserRuleContext.ExpContext.addChild,antlr4.ParserRuleContext.ExpContext.addChild,,antlr4,1,0.000007,0,0
sympy.core.facts.StdFactKB._tell,sympy.core.facts.StdFactKB._tell,,sympy,1,0.000007,0,0
antlr4.error.Errors.InputMismatchException,antlr4.error.Errors.InputMismatchException,,antlr4,1,0.000006,0,0
antlr4.atn.ATNState.DecisionState,antlr4.atn.ATNState.DecisionState,,antlr4,1,0.000006,0,0
antlr4.atn.ATNState.BlockStartState,antlr4.atn.ATNState.BlockStartState,,antlr4,1,0.000006,0,0
antlr4.atn.ATNState.BasicBlockStartState,antlr4.atn.ATNState.BasicBlockStartState,,antlr4,1,0.000006,0,0
antlr4.atn.ATNState.BlockEndState,antlr4.atn.ATNState.BlockEndState,,antlr4,1,0.000006,0,0
antlr4.atn.ATNState.RuleStopState,antlr4.atn.ATNState.RuleStopState,,antlr4,1,0.000006,0,0
antlr4.atn.ATNState.RuleStartState,antlr4.atn.ATNState.RuleStartState,,antlr4,1,0.000006,0,0
antlr4.atn.ATNState.PlusLoopbackState,antlr4.atn.ATNState.PlusLoopbackState,,antlr4,1,0.000006,0,0
antlr4.atn.ATNState.PlusBlockStartState,antlr4.atn.ATNState.PlusBlockStartState,,antlr4,1,0.000006,0,0
antlr4.atn.ATNState.StarBlockStartState,antlr4.atn.ATNState.StarBlockStartState,,antlr4,1,0.000006,0,0
antlr4.atn.ATNState.StarLoopbackState,antlr4.atn.ATNState.StarLoopbackState,,antlr4,1,0.000006,0,0
antlr4.atn.ATNState.StarLoopEntryState,antlr4.atn.ATNState.StarLoopEntryState,,antlr4,1,0.000006,0,0
antlr4.atn.ATNState.TokensStartState,antlr4.atn.ATNState.TokensStartState,,antlr4,1,0.000006,0,0
antlr4.atn.ATNSimulator.ParserATNSimulator.__init__,antlr4.atn.ATNSimulator.ParserATNSimulator.__init__,,antlr4,1,0.000006,0,0
antlr4.InputStream.TestInputStream,antlr4.InputStream.TestInputStream,,antlr4,1,0.000006,0,0
antlr4.FileStream.TestFileStream,antlr4.FileStream.TestFileStream,,antlr4,1,0.000006,0,0
antlr4.tree.Tree.Tree,antlr4.tree.Tree.Tree,,antlr4,1,0.000006,0,0
antlr4.tree.Tree.SyntaxTree,antlr4.tree.Tree.SyntaxTree,,antlr4,1,0.000005,0,0
antlr4.tree.Tree.ParseTree,antlr4.tree.Tree.ParseTree,,antlr4,1,0.000005,0,0
antlr4.tree.Tree.RuleNode,antlr4.tree.Tree.RuleNode,,antlr4,1,0.000005,0,0
antlr4.tree.Tree.TerminalNode,antlr4.tree.Tree.TerminalNode,,antlr4,1,0.000005,0,0
antlr4.tree.Tree.ErrorNode,antlr4.tree.Tree.ErrorNode,,antlr4,1,0.000005,0,0
antlr4.Recognizer.Test,antlr4.Recognizer.Test,,antlr4,1,0.000006,0,0
antlr4.error.Errors.ParseCancellationException,antlr4.error.Errors.ParseCancellationException,,antlr4,1,0.000005,0,0
antlr4.BufferedTokenStream.TokenStream,antlr4.BufferedTokenStream.TokenStream,,antlr4,1,0.000005,0,0
antlr4.CommonTokenFactory.TokenFactory,antlr4.CommonTokenFactory.TokenFactory,,antlr4,1,0.000005,0,0
antlr4.CommonTokenFactory.CommonTokenFactory.__init__,antlr4.CommonTokenFactory.CommonTokenFactory.__init__,,antlr4,1,0.000005,0,0
antlr4.atn.ATNState.LoopEndState,antlr4.atn.ATNState.LoopEndState,,antlr4,1,0.000006,0,0
antlr4.Lexer.TokenSource,antlr4.Lexer.TokenSource,,antlr4,1,0.000005,0,0
antlr4.tree.Chunk.Chunk,antlr4.tree.Chunk.Chunk,,antlr4,1,0.000005,0,0
antlr4.tree.ParseTreePatternMatcher.StartRuleDoesNotConsumeFullPattern,antlr4.tree.ParseTreePatternMatcher.StartRuleDoesNotConsumeFullPattern,,antlr4,1,0.000005,0,0
sympy.core.facts.StdFactKB.__init__,sympy.core.facts.StdFactKB.__init__,,sympy,1,0.000005,0,0
antlr4.Recognizer.LaTeXLexer.removeErrorListeners,antlr4.Recognizer.LaTeXLexer.removeErrorListeners,,antlr4,1,0.000005,0,0
antlr4.Recognizer.LaTeXLexer.addErrorListener,antlr4.Recognizer.LaTeXLexer.addErrorListener,,antlr4,1,0.000005,0,0
antlr4.Parser.LaTeXParser.removeParseListener,antlr4.Parser.LaTeXParser.removeParseListener,,antlr4,1,0.000005,0,0
antlr4.Token.CommonToken.getInputStream,antlr4.Token.CommonToken.getInputStream,,antlr4,1,0.000005,0,0
antlr4.InputStream.InputStream.size,antlr4.InputStream.InputStream.size,,antlr4,1,0.000005,0,0
antlr4.Recognizer.LaTeXParser.removeErrorListeners,antlr4.Recognizer.LaTeXParser.removeErrorListeners,,antlr4,1,0.000004,0,0
antlr4.Recognizer.LaTeXParser.addErrorListener,antlr4.Recognizer.LaTeXParser.addErrorListener,,antlr4,1,0.000004,0,0
antlr4.RuleContext.MathContext.setAltNumber,antlr4.RuleContext.MathContext.setAltNumber,,antlr4,1,0.000004,0,0
antlr4.RuleContext.RelationContext.setAltNumber,antlr4.RuleContext.RelationContext.setAltNumber,,antlr4,1,0.000004,0,0
antlr4.RuleContext.ExprContext.setAltNumber,antlr4.RuleContext.ExprContext.setAltNumber,,antlr4,1,0.000004,0,0
antlr4.RuleContext.AdditiveContext.setAltNumber,antlr4.RuleContext.AdditiveContext.setAltNumber,,antlr4,1,0.000004,0,0
antlr4.RuleContext.MpContext.setAltNumber,antlr4.RuleContext.MpContext.setAltNumber,,antlr4,1,0.000004,0,0
antlr4.RuleContext.UnaryContext.setAltNumber,antlr4.RuleContext.UnaryContext.setAltNumber,,antlr4,1,0.000004,0,0
antlr4.RuleContext.PostfixContext.setAltNumber,antlr4.RuleContext.PostfixContext.setAltNumber,,antlr4,1,0.000004,0,0
antlr4.RuleContext.ExpContext.setAltNumber,antlr4.RuleContext.ExpContext.setAltNumber,,antlr4,1,0.000004,0,0
antlr4.RuleContext.CompContext.setAltNumber,antlr4.RuleContext.CompContext.setAltNumber,,antlr4,1,0.000004,0,0
antlr4.RuleContext.AtomContext.setAltNumber,antlr4.RuleContext.AtomContext.setAltNumber,,antlr4,1,0.000004,0,0
antlr4.atn.ATNState.PlusLoopbackState.__eq__,antlr4.atn.ATNState.PlusLoopbackState.__eq__,,antlr4,1,0.000004,0,0
__main__,__main__,,__main__,1,0,0,0
